CREATE DATABASE  IF NOT EXISTS `travell_dev_database` /*!40100 DEFAULT CHARACTER SET latin1 */;
USE `travell_dev_database`;
-- MySQL dump 10.13  Distrib 5.6.17, for Win32 (x86)
--
-- Host: travellappdev.cvgtm6f6dofn.ap-southeast-1.rds.amazonaws.com    Database: travell_dev_database
-- ------------------------------------------------------
-- Server version	5.6.35-log

/*!40101 SET @OLD_CHARACTER_SET_CLIENT=@@CHARACTER_SET_CLIENT */;
/*!40101 SET @OLD_CHARACTER_SET_RESULTS=@@CHARACTER_SET_RESULTS */;
/*!40101 SET @OLD_COLLATION_CONNECTION=@@COLLATION_CONNECTION */;
/*!40101 SET NAMES utf8 */;
/*!40103 SET @OLD_TIME_ZONE=@@TIME_ZONE */;
/*!40103 SET TIME_ZONE='+00:00' */;
/*!40014 SET @OLD_UNIQUE_CHECKS=@@UNIQUE_CHECKS, UNIQUE_CHECKS=0 */;
/*!40014 SET @OLD_FOREIGN_KEY_CHECKS=@@FOREIGN_KEY_CHECKS, FOREIGN_KEY_CHECKS=0 */;
/*!40101 SET @OLD_SQL_MODE=@@SQL_MODE, SQL_MODE='NO_AUTO_VALUE_ON_ZERO' */;
/*!40111 SET @OLD_SQL_NOTES=@@SQL_NOTES, SQL_NOTES=0 */;

--
-- Table structure for table `carrental`
--

DROP TABLE IF EXISTS `carrental`;
/*!40101 SET @saved_cs_client     = @@character_set_client */;
/*!40101 SET character_set_client = utf8 */;
CREATE TABLE `carrental` (
  `carRentId` bigint(20) NOT NULL AUTO_INCREMENT,
  `userId` bigint(20) NOT NULL,
  `pickupAddress` varchar(256) NOT NULL,
  `dropAddress` varchar(256) NOT NULL,
  `pickupDate` date DEFAULT NULL,
  `pickupTime` time DEFAULT NULL,
  `returnDate` date DEFAULT NULL,
  `returnTime` time DEFAULT NULL,
  `timeZone` varchar(255) DEFAULT NULL,
  `phoneNo` varchar(256) NOT NULL,
  `companyName` varchar(256) NOT NULL,
  `itineraryId` bigint(20) NOT NULL,
  `deleteFlag` tinyint(4) NOT NULL DEFAULT '0',
  `dateCreated` datetime NOT NULL DEFAULT CURRENT_TIMESTAMP,
  `dateModified` datetime DEFAULT NULL,
  PRIMARY KEY (`carRentId`)
) ENGINE=InnoDB AUTO_INCREMENT=25 DEFAULT CHARSET=latin1;
/*!40101 SET character_set_client = @saved_cs_client */;

--
-- Dumping data for table `carrental`
--

LOCK TABLES `carrental` WRITE;
/*!40000 ALTER TABLE `carrental` DISABLE KEYS */;
INSERT INTO `carrental` VALUES (1,1,'Pune','Mumbai','2014-08-12',NULL,NULL,NULL,NULL,'9028488838','Uber',2,1,'2017-06-15 12:31:55','2017-08-16 14:38:57'),(2,1,'XYZ Street','ABC Street','2014-08-12',NULL,NULL,NULL,NULL,'9028488838','Uber',2,1,'2017-06-15 12:34:03','2017-08-16 14:38:57'),(3,2,'RX Street','NY Street','2014-08-12',NULL,NULL,NULL,NULL,'9028488838','Uber',3,0,'2017-06-15 12:36:26',NULL),(4,2,'IR Street','LY Street','2014-08-12',NULL,NULL,NULL,NULL,'9028488838','Ola',4,0,'2017-06-15 12:36:46',NULL),(5,4,'New Waless','New Arlington','2014-08-12','11:14:54','2014-08-14','11:14:54','Indian Standard Time','9028488838','Ola',6,0,'2017-07-19 07:16:00','2017-07-19 07:16:19'),(6,24,'Mumbai India ','Miami USA ','2017-08-13','16:48:00','0000-00-00','18:48:00','EST','9087654321','rapidera',25,1,'2017-08-11 11:18:09','2017-08-17 12:56:47'),(7,24,'Mumbai India ','Pune India ','2017-08-16','16:56:00','0000-00-00','16:56:00','EST','9079654332','ola',27,1,'2017-08-16 11:26:47','2017-08-17 12:56:43'),(8,24,'Pune India','Baner India ','2017-09-16','17:10:00','0000-00-00','17:10:00','EST','9875535678','abc',25,1,'2017-08-16 11:41:59','2017-08-17 12:56:47'),(9,1,'newyork airport','park avenue newyork ','2017-08-16','19:57:00','0000-00-00','21:57:00','EST','9876543210','hdjdjdjdjdjdjdjdjd',3,1,'2017-08-16 14:27:40','2017-08-16 14:39:11'),(10,1,'newyork airport','park absence newyork ','2017-08-16','20:10:00','0000-00-00','20:10:00','EST','9976543210','bxhdjdjjddj',18,1,'2017-08-16 14:40:48','2017-08-16 14:45:40'),(11,1,'newyork airport','park avenue hotel newyork','2017-08-16','20:17:00','0000-00-00','18:17:00','EST','9876543210','hdjdjdjdjdjdjdjdjd',32,1,'2017-08-16 14:48:50','2017-08-17 06:19:26'),(12,1,'newyork airport','park avenue hotel newyork ','2017-08-17','12:01:00','2017-08-18','12:01:00','EDT','9876543210','uber',33,1,'2017-08-17 06:34:36','2017-08-24 06:43:02'),(13,1,'Baner India ','Mumbai India ','2017-09-17','17:15:00','2017-09-17','19:15:00','IST','8976890987','real',33,1,'2017-08-17 10:45:54','2017-08-24 06:43:02'),(14,24,'Baner India','Mumbai india','2017-10-17','19:22:00','2017-10-19','20:23:00','IST','97528673178','rap',25,1,'2017-08-17 12:54:23','2017-08-17 12:56:47'),(15,24,'Baner India ','Mumbai India ','2017-09-17','18:38:00','2017-09-19','19:38:00','IST','7890643567','real',34,0,'2017-08-17 13:09:05',NULL),(16,43,'Mumbai India ','Pune India ','2017-09-18','12:34:00','2017-10-18','12:34:00','IST','9878654350','real',35,0,'2017-08-18 06:04:21',NULL),(17,43,'Delhi India ','Mumbai India ','2017-09-18','13:42:00','2017-10-18','11:42:00','IST','8976547809','real',35,0,'2017-08-18 06:12:49',NULL),(18,24,'Baner India ','Mumbai India ','2017-09-18','03:51:00','2017-09-20','04:51:00','IST','8076807645','real',34,0,'2017-08-18 06:51:45',NULL),(19,24,'Pune India ','Mumbai India ','2017-09-18','04:53:00','2017-08-20','06:53:00','IST','8708574678','rsl ',34,0,'2017-08-18 06:53:39',NULL),(20,24,'India India ','Pune India ','2017-09-20','03:54:00','2017-09-22','06:55:00','IST','8007654634','rsl',34,0,'2017-08-18 06:55:24',NULL),(21,22,'Pune India ','Mumbai India ','2017-10-19','05:38:00','2017-10-18','05:38:00','IST','09765323467','rsllll',16,0,'2017-08-18 07:39:31',NULL),(22,22,'Pune India ','Pune India ','2017-08-22','17:27:00','2017-09-22','17:27:00','IST','85383546469','rsl',43,0,'2017-08-22 11:59:12',NULL),(23,1,'moraya heights warje Pune','Wakad  Pune','2017-08-30','12:59:00','2017-08-30','14:59:00','IST','9988888773','ola pls play ola',45,0,'2017-08-30 07:29:43',NULL),(24,46,'Baner','Baner','2017-09-30','14:44:00','2017-10-01','14:44:00','IST','8755789978','ios sass',48,0,'2017-08-30 09:15:35',NULL);
/*!40000 ALTER TABLE `carrental` ENABLE KEYS */;
UNLOCK TABLES;

--
-- Table structure for table `flight`
--

DROP TABLE IF EXISTS `flight`;
/*!40101 SET @saved_cs_client     = @@character_set_client */;
/*!40101 SET character_set_client = utf8 */;
CREATE TABLE `flight` (
  `flightId` bigint(20) NOT NULL AUTO_INCREMENT,
  `userId` bigint(20) NOT NULL,
  `origin` varchar(256) NOT NULL,
  `destination` varchar(256) NOT NULL,
  `departureDate` date DEFAULT NULL,
  `departureTime` time DEFAULT NULL,
  `departureTimeZone` varchar(255) DEFAULT NULL,
  `arrivalDate` date DEFAULT NULL,
  `arrivalTime` time DEFAULT NULL,
  `arrivalTimeZone` varchar(255) DEFAULT NULL,
  `pnrNo` varchar(20) NOT NULL,
  `phoneNo` varchar(256) NOT NULL,
  `itineraryId` bigint(20) NOT NULL,
  `deleteFlag` tinyint(4) NOT NULL DEFAULT '0',
  `dateCreated` datetime NOT NULL DEFAULT CURRENT_TIMESTAMP,
  `dateModified` datetime DEFAULT NULL,
  PRIMARY KEY (`flightId`)
) ENGINE=InnoDB AUTO_INCREMENT=50 DEFAULT CHARSET=latin1;
/*!40101 SET character_set_client = @saved_cs_client */;

--
-- Dumping data for table `flight`
--

LOCK TABLES `flight` WRITE;
/*!40000 ALTER TABLE `flight` DISABLE KEYS */;
INSERT INTO `flight` VALUES (1,1,'Pune','London','2014-08-12',NULL,NULL,'2014-08-12',NULL,NULL,'9028488838RX','9028488838',33,1,'2017-06-15 12:19:48','2017-08-24 06:43:02'),(2,1,'Pune','New York','2014-08-12',NULL,NULL,'2014-08-12',NULL,NULL,'9028488838RX','9028488838',2,1,'2017-06-15 12:20:35','2017-08-16 14:38:57'),(3,2,'Pune','London','2014-08-12',NULL,NULL,'2014-08-12',NULL,NULL,'9028488838RX','9028488838',3,0,'2017-06-15 12:21:39',NULL),(4,2,'Pune','Washington','2014-08-12',NULL,NULL,'2014-08-12',NULL,NULL,'9028488838RX','9028488838',4,0,'2017-06-15 12:21:53',NULL),(5,1,'Pune','Delhi','2014-06-20','11:14:54',NULL,'2014-06-20','11:14:54','Greenwich Mean Time','9028488838RX','9028488838',1,1,'2017-06-20 19:19:16','2017-08-14 10:02:22'),(6,1,'Pune','Mumbai','2014-06-20','11:14:54',NULL,'2014-06-20','11:14:54','Eastern Standard Time','9028488838RX','9028488838',1,1,'2017-06-20 19:28:31','2017-08-14 10:02:22'),(7,1,'Pune','Delhi','2014-07-20','11:14:54',NULL,'2014-07-21','11:14:54',NULL,'9028488838RX','9028488838',1,1,'2017-07-19 05:49:07','2017-08-14 10:02:22'),(8,1,'Pune','Delhi','2014-07-20','11:14:54',NULL,'2014-07-21','11:14:54',NULL,'9028488838RX','9028488838',1,1,'2017-07-19 05:50:24','2017-08-14 10:02:22'),(9,1,'Pune','Kolkata','2014-07-25','11:14:54','Eastern Standard Time','2014-06-20','11:14:54','Eastern Standard Time','9028488838RX','9028488838',1,1,'2017-07-19 07:18:23','2017-08-14 10:02:22'),(10,1,'mumbai','pune','2017-08-10','08:00:00',NULL,'2017-08-27','15:56:00','EST','bdhdjdjsjj','9876543219',3,1,'2017-07-24 10:26:51','2017-08-16 14:39:11'),(11,1,'Pune airport','Langkawi airport','2017-07-26','10:42:00','IST','2017-07-27','09:42:00','MYT','Hzjssj','8484848454',1,1,'2017-07-25 13:14:00','2017-08-14 10:02:22'),(12,1,'Mumbai','Langkawi airport','2017-07-26','06:48:00','IST','2017-07-27','03:48:00','MYT','gxhhcjcjcjxj','7373737377377',1,1,'2017-07-25 13:19:13','2017-08-14 10:02:22'),(13,1,'Mumbai','new york','2017-07-26','05:52:00','IST','2017-07-27','10:52:00','EDT','cghhjgghhh','9876543210',1,1,'2017-07-25 13:23:23','2017-08-14 10:02:22'),(14,1,'Mumbai','newyork','2017-07-26','09:56:00','IST','2017-07-27','08:56:00','EDT','udkdjdjj','9876543210',2,1,'2017-07-25 13:26:38','2017-08-16 14:38:57'),(15,1,'Mumbai','newyork','2017-07-26','10:00:00','IST','2017-07-27','04:00:00','EDT','cjxjfjdndid','9876543210',3,1,'2017-07-25 13:31:14','2017-08-16 14:39:11'),(16,1,'Mumbai','newyork','2017-07-26','10:06:00','IST','2017-07-27','10:06:00','EDT','jfjfjdjjf','9876542310',1,1,'2017-07-25 13:36:45','2017-08-14 10:02:22'),(17,1,'Mumbai','newyork','2017-07-27','08:12:00','IST','2017-07-28','10:12:00','EDT','jdjdjdjdj','9876543210',1,1,'2017-07-25 13:43:04','2017-08-14 10:02:22'),(18,1,'Mumbai','newyork','2017-07-30','08:25:00','IST','2017-07-31','08:25:00','EDT','jdjdjdjdj','9876543210',1,1,'2017-07-25 13:56:05','2017-08-14 10:02:22'),(19,1,'Mumbai','newyork','2017-07-26','19:32:00','IST','2017-07-27','20:32:00','EDT','qkxjcjfjj','9876543210',1,1,'2017-07-25 14:03:07','2017-08-14 10:02:22'),(20,1,'Mumbai','newyork','2017-07-26','07:36:00','IST','2017-07-27','19:36:00','EDT','nffjfjdjjj','9876543210',2,1,'2017-07-25 14:07:15','2017-08-16 14:38:57'),(21,1,'Mumbai','newyork','2017-07-27','10:09:00','IST','2017-07-28','10:09:00','EDT','Jdjdjjddj','9584848747',1,1,'2017-07-26 04:40:35','2017-08-14 10:02:22'),(22,1,'Mumbai','newyork','2017-07-27','10:13:00','IST','2017-07-28','10:13:00','EDT','Bdcnjdhbfg','9876543210',1,1,'2017-07-26 04:43:51','2017-08-14 10:02:22'),(23,1,'pune ','california','2017-07-30','02:45:00','IST','2017-08-01','03:45:00','PDT','Djdjdjdjfjfd','9876543211',2,1,'2017-07-26 04:46:01','2017-08-16 14:38:57'),(24,22,'Mumbai','newyork','2017-08-16','19:00:00','IST','2017-09-12','14:00:00','EDT','Yiddish','9876543210',10,0,'2017-08-10 09:30:40',NULL),(25,40,'Mumbai Chhatrapati ','California, USA ','2017-08-14','11:18:00','IST','2017-08-14','20:32:00','PDT','4571799943','9072775467',22,0,'2017-08-11 05:52:13',NULL),(26,24,'Mumbai Indian ','Miami USA','2017-08-16','16:29:00','IST','2017-08-17','02:36:00','EDT','12445','9067879800',25,1,'2017-08-11 10:01:18','2017-08-17 12:56:47'),(27,24,'Miami USA ','Mumbai India ','2017-08-18','19:14:00','EDT','2017-08-19','19:15:00','IST','anjfd3467','9088777755',25,1,'2017-08-11 10:49:57','2017-08-17 12:56:47'),(28,24,'Mumbai india','California USA ','2017-09-12','17:38:00','IST','2017-09-13','15:37:00','PDT','sfsgiksgsigsgkkgsxhk','9087654510',24,1,'2017-08-11 11:07:38','2017-08-17 12:56:57'),(29,1,'Mumbai airport','Dubai airport','2017-08-17','16:28:00','IST','2017-08-20','16:28:00','GST','hdhddjjdjd','9876543210',3,1,'2017-08-14 10:59:10','2017-08-16 14:39:11'),(30,24,'Delhi India ','Miami USA ','2017-09-04','16:21:00','IST','2017-09-05','16:21:00','EDT','ztoyozgxgxogoxxkg','9879086543',25,1,'2017-08-16 10:52:06','2017-08-17 12:56:47'),(31,24,'Delhi India ','Miami USA ','2017-08-16','16:23:00','IST','2017-08-16','16:23:00','EDT','cogxgochlckglchlhc','9876790932',25,1,'2017-08-16 10:54:13','2017-08-17 12:56:47'),(32,24,'Delhi India ','Pune India ','2017-08-16','17:00:00','IST','2017-08-16','17:00:00','IST','gahhajajaja','9077765512',27,1,'2017-08-16 11:31:12','2017-08-17 12:56:43'),(33,24,'Mumbai India ','Miami USA ','2017-08-16','17:04:00','IST','2017-08-16','17:04:00','EDT','ohddyoofyidggoxxkg','9088777543',27,1,'2017-08-16 11:34:58','2017-08-17 12:56:43'),(34,24,'Jammu India ','London USA ','2017-08-16','17:05:00','IST','2017-09-16','18:05:00','EDT','gxigxzgjfzfzjjfz','9876564323',27,1,'2017-08-16 11:36:04','2017-08-17 12:56:43'),(35,24,'USA USA ','India India','2017-09-16','18:07:00','CDT','2017-09-16','18:07:00','IST','banNJjakKkK','8972671719',27,1,'2017-08-16 11:37:47','2017-08-17 12:56:43'),(36,24,'Mumbai India ','London u.k','2017-09-17','18:35:00','IST','2017-09-19','19:36:00','BST','kzgzgkxkghcl lh','9867545688',34,0,'2017-08-17 13:07:05',NULL),(37,43,'Mumbai India ','Miami USA','2017-09-18','12:29:00','IST','2017-09-19','13:29:00','EDT','czkzckvzvkxkx','9879678970',35,0,'2017-08-18 05:59:59',NULL),(38,43,'Delhi India ','Miami India ','2017-10-18','13:30:00','IST','2017-10-19','14:30:00','EDT','xhlxxhkckhclh','9876579067',35,0,'2017-08-18 06:01:27',NULL),(39,43,'Mumbai India ','Pune India ','2017-09-18','13:11:00','IST','2017-09-20','14:12:00','IST','5. years puffin bibi','7898674523',35,0,'2017-08-18 06:42:14',NULL),(40,22,'Pune India ','Mumbai India ','2017-08-18','05:41:00','IST','2017-08-18','06:42:00','IST','hahhajajajaj','9878965678',15,0,'2017-08-18 07:42:17',NULL),(41,22,'Mumbai India ','Mumbai India ','2017-09-18','08:24:00','IST','2017-09-18','08:24:00','IST','tiditsdtiitdidtodyoh','7800567865',15,0,'2017-08-18 12:25:11',NULL),(42,22,'Pune India ','Pune India','2017-08-22','06:44:00','IST','2017-08-23','06:44:00','IST','xfkxkgxgxkxkxgk','9890765445',16,0,'2017-08-22 10:45:18',NULL),(43,22,'Delhi ','Delhi ','2017-08-22','18:29:00','IST','2017-09-22','19:30:00','IST','3/8585/5:858:58:','8767896856',43,0,'2017-08-22 12:00:19',NULL),(44,22,'Pune India ','Mumbai India ','2017-08-22','18:02:00','IST','2017-09-22','18:02:00','IST','ogxhocohcgooycydi','8976567689',10,0,'2017-08-22 12:32:39',NULL),(45,1,'Mumbai','Delhi','2017-08-24','12:57:00','IST','2017-08-25','12:57:00','IST','jfjfidii748488','9876543210',45,0,'2017-08-24 07:27:51',NULL),(46,14,'mumbai','Dubai','2018-03-02','13:40:00','IST','2018-03-03','12:40:00','GST','iejrhddbhdh','9484672474',21,0,'2018-03-01 07:10:48',NULL),(47,47,'Sydney','Delhi ','2016-03-06','08:40:00','AEDT','2016-03-07','22:40:00','IST','0000909','132324008',59,0,'2018-03-05 23:40:45',NULL),(48,45,'Delhi ','sydney','2019-03-13','02:50:00','IST','2019-03-14','18:52:00','AEDT','0909909','0000000000',60,0,'2018-03-13 07:53:10',NULL),(49,45,'sydney','Melbourne ','2019-03-15','18:54:00','AEDT','2019-03-15','23:02:00','AEDT','poop','0000000000',60,0,'2018-03-13 07:54:25',NULL);
/*!40000 ALTER TABLE `flight` ENABLE KEYS */;
UNLOCK TABLES;

--
-- Table structure for table `hotel`
--

DROP TABLE IF EXISTS `hotel`;
/*!40101 SET @saved_cs_client     = @@character_set_client */;
/*!40101 SET character_set_client = utf8 */;
CREATE TABLE `hotel` (
  `hotelId` bigint(20) NOT NULL AUTO_INCREMENT,
  `userId` bigint(20) NOT NULL,
  `hotelName` varchar(256) NOT NULL,
  `checkInDate` date DEFAULT NULL,
  `checkInTime` time DEFAULT NULL,
  `checkOutDate` date DEFAULT NULL,
  `checkOutTime` time DEFAULT NULL,
  `timeZone` varchar(255) DEFAULT NULL,
  `address` varchar(256) NOT NULL,
  `latitude` varchar(255) DEFAULT NULL,
  `longitude` varchar(255) DEFAULT NULL,
  `phoneNo` varchar(256) NOT NULL,
  `itineraryId` bigint(20) NOT NULL,
  `deleteFlag` tinyint(4) NOT NULL DEFAULT '0',
  `dateCreated` datetime NOT NULL DEFAULT CURRENT_TIMESTAMP,
  `dateModified` datetime DEFAULT NULL,
  PRIMARY KEY (`hotelId`)
) ENGINE=InnoDB AUTO_INCREMENT=48 DEFAULT CHARSET=latin1;
/*!40101 SET character_set_client = @saved_cs_client */;

--
-- Dumping data for table `hotel`
--

LOCK TABLES `hotel` WRITE;
/*!40000 ALTER TABLE `hotel` DISABLE KEYS */;
INSERT INTO `hotel` VALUES (1,1,'Hayat','2014-08-12',NULL,'2014-08-12',NULL,NULL,'24 Streets, London',NULL,NULL,'9028488838',2,1,'2017-06-15 12:24:24','2017-08-16 14:38:57'),(2,1,'Taj','2014-08-12',NULL,'2014-08-12',NULL,NULL,'New York',NULL,NULL,'9028488838',2,1,'2017-06-15 12:25:54','2017-08-16 14:38:57'),(3,2,'Taj','2014-08-12',NULL,'2014-08-12',NULL,NULL,'Washington',NULL,NULL,'9028488838',3,0,'2017-06-15 12:26:46',NULL),(4,2,'Opel','2014-08-12',NULL,'2014-08-12',NULL,NULL,'Washington',NULL,NULL,'9028488838',4,0,'2017-06-15 12:27:22',NULL),(5,4,'Hayat','2014-08-12','11:14:54','2014-08-12','11:14:54','Greenwich Mean Time','Mumbai',NULL,NULL,'9028488838',6,0,'2017-07-19 07:13:05','2017-07-19 07:13:32'),(6,24,'sagar','2017-08-13','17:43:00','2017-08-13','17:41:00','EST','Mumbai India ',NULL,NULL,'9067875433',24,1,'2017-08-11 12:12:51','2017-08-17 12:56:57'),(7,1,'Jw Marriott Pune','2017-08-14','16:56:00','2017-08-14','16:57:00','EST','Pune Shivajinagar',NULL,NULL,'9595959848',3,1,'2017-08-14 11:27:27','2017-08-16 14:39:11'),(8,24,'taj hotel ','2017-08-16','16:57:00','2017-08-16','16:57:00','EST','Mumbai India ',NULL,NULL,'9078674532',27,1,'2017-08-16 11:28:07','2017-08-17 12:56:43'),(9,24,'sagar hotel ','2017-08-16','17:08:00','2017-08-16','17:08:00','EST','Mumbai India ',NULL,NULL,'9764686356',27,1,'2017-08-16 11:38:43','2017-08-17 12:56:43'),(10,24,'Baner India','2017-09-17','19:37:00','2017-09-17','20:37:00','EST','Baner','18.5597','73.7799','9865789823',34,0,'2017-08-17 13:07:52','2017-08-22 11:14:28'),(11,43,'Yash palace','2017-09-18','13:32:00','2017-09-18','12:32:00','EST','Mumbai India ',NULL,NULL,'9876547890',35,0,'2017-08-18 06:03:12',NULL),(12,43,'sagar hotel','2017-10-18','14:09:00','2017-10-18','16:09:00','EST','Baner India ',NULL,NULL,'9087654689',35,0,'2017-08-18 06:39:46',NULL),(13,22,'fuxfuzutz todtstd','2017-08-18','09:20:00','2017-08-18','08:20:00','EST','gictixyix',NULL,NULL,'6689000075',14,0,'2017-08-18 12:20:35',NULL),(14,22,'Mumbai India ','2017-08-18','08:21:00','2017-08-18','08:21:00','EST','Mumbai India ',NULL,NULL,'9878890987',15,0,'2017-08-18 12:21:44',NULL),(15,22,'sagar India','2017-08-22','06:42:00','2017-08-22','06:40:00','EST','Mumbai India ',NULL,NULL,'9086675467',16,0,'2017-08-22 10:43:49',NULL),(16,22,'sagar India ','2017-08-22','18:30:00','2017-08-22','19:30:00','EST','India ',NULL,NULL,'8976557888',43,0,'2017-08-22 12:01:09',NULL),(17,1,'hdjdjsj','2017-08-24','11:42:00','2017-08-24','12:42:00','EST','Jw Marriott S B road Pune India',NULL,NULL,'9876543210',44,1,'2017-08-23 06:13:08','2017-08-24 07:24:46'),(18,1,'The Taj Mahal Palace','2017-08-23','12:34:00','2017-08-23','12:34:00','IST','Appllo Bandar ,Colaba, Mumbai India',NULL,NULL,'9876543210',44,1,'2017-08-23 07:05:51','2017-08-24 07:24:46'),(19,1,'The Taj Mahal Palace','2017-08-24','11:56:00','2017-08-24','11:56:00','IST','Apollo Bandar , Colaba , Mumbai India','18.9217747','72.8330684','9876543210',44,1,'2017-08-24 06:28:05','2017-08-24 07:24:46'),(20,1,'the Taj Mahal palace','2017-08-24','12:55:00','2017-08-24','12:55:00','IST','Apollo bandar Colaba Mumbai','18.9793718','72.8439413','9876543215',45,0,'2017-08-24 07:26:43',NULL),(21,14,'12','2017-09-29','09:59:00','2017-09-29','09:59:00','IST','Baner','18.569166634636','73.7655480639248','8978987967',46,0,'2017-08-29 04:28:45',NULL),(22,14,'12','2017-09-29','09:59:00','2017-09-29','09:59:00','IST','Baner','18.569166634636','73.7655480639248','8978987967',46,0,'2017-08-29 04:28:46',NULL),(23,14,'34','2017-09-30','09:59:00','2017-09-30','10:59:00','IST','Baner','18.569166634636','73.7655480639248','8978675643',46,0,'2017-08-29 04:30:08',NULL),(24,14,'34','2017-09-30','09:59:00','2017-09-30','10:59:00','IST','Baner','18.569166634636','73.7655480639248','8978675643',46,0,'2017-08-29 04:30:08',NULL),(25,14,'5778899','2017-09-29','11:03:00','2017-09-29','10:03:00','IST','Baner','18.569166634636','73.7655480639248','89992717716',46,0,'2017-08-29 04:33:40',NULL),(26,14,'526829191816262819919','2017-09-28','10:03:00','2017-09-28','11:03:00','IST','Baner','18.569166634636','73.7655480639248','8992727189',46,0,'2017-08-29 04:34:30',NULL),(27,14,'526829191816262819919','2017-09-28','10:03:00','2017-09-28','11:03:00','IST','Baner','18.569166634636','73.7655480639248','8992727189',46,0,'2017-08-29 04:34:30',NULL),(28,14,'5627181919199191','2017-08-29','11:15:00','2017-08-29','12:15:00','IST','Baner Pune','18.5504702541038','73.8075875551358','9867651456',46,0,'2017-08-29 05:46:16',NULL),(29,14,'5627181919199191','2017-08-29','11:15:00','2017-08-29','12:15:00','IST','Baner Pune','18.5504702541038','73.8075875551358','9867651456',46,0,'2017-08-29 05:46:17',NULL),(30,14,'627272186272819191991919','2017-08-28','11:16:00','2017-08-28','12:16:00','IST','baner','18.569166634636','73.7655480639248','8976564534',46,0,'2017-08-29 05:47:14',NULL),(31,14,'627272186272819191991919','2017-08-28','11:16:00','2017-08-28','12:16:00','IST','baner','18.569166634636','73.7655480639248','8976564534',46,0,'2017-08-29 05:47:14',NULL),(32,14,'627272186272819191991919','2017-08-28','11:16:00','2017-08-28','12:16:00','IST','baner','18.569166634636','73.7655480639248','8976564534',46,0,'2017-08-29 05:47:14',NULL),(33,14,'627272186272819191991919','2017-08-28','11:16:00','2017-08-28','12:16:00','IST','baner','18.569166634636','73.7655480639248','8976564534',46,0,'2017-08-29 05:47:14',NULL),(34,14,'627272186272819191991919','2017-08-28','11:16:00','2017-08-28','12:16:00','IST','baner','18.569166634636','73.7655480639248','8976564534',46,0,'2017-08-29 05:47:14',NULL),(35,14,'627272186272819191991919','2017-08-28','11:16:00','2017-08-28','12:16:00','IST','baner','18.569166634636','73.7655480639248','8976564534',46,0,'2017-08-29 05:47:15',NULL),(36,1,'new hotel ','2017-09-01','11:25:00','2017-09-01','11:26:00','IST','Baner pune','18.5657222391521','73.8041048890124','9263725181',45,0,'2017-08-29 05:57:02',NULL),(37,1,'new hotel ','2017-09-01','11:25:00','2017-09-01','11:26:00','IST','Baner pune','18.5657222391521','73.8041048890124','9263725181',45,0,'2017-08-29 05:57:03',NULL),(38,1,'new hotel ','2017-09-01','11:25:00','2017-09-01','11:26:00','IST','Baner pune','18.5657222391521','73.8041048890124','9263725181',45,0,'2017-08-29 05:57:04',NULL),(39,1,'new hotel ','2017-09-01','11:25:00','2017-09-01','11:26:00','IST','Baner pune','18.5657222391521','73.8041048890124','9263725181',45,0,'2017-08-29 05:57:04',NULL),(40,46,'shkthdhdjdffjjf','2017-09-30','12:29:00','2017-09-30','12:29:00','IST','Baner','18.5642498','73.7872167','9087373767',47,0,'2017-08-30 07:00:31',NULL),(41,46,'256272818191919','2017-09-30','12:30:00','2017-09-30','12:30:00','IST','baner','19.1706276','-96.1255399','8938388282',47,0,'2017-08-30 07:01:23',NULL),(42,46,'256272818191919','2017-09-30','12:30:00','2017-09-30','12:30:00','IST','baner','19.1706276','-96.1255399','8938388282',47,0,'2017-08-30 07:01:24',NULL),(43,1,'taj hotel ','2017-08-30','14:00:00','2017-08-30','17:00:00','IST','warje morayaheights sena pati Bapat road Pune ','18.5408604460779','73.8306217544904','9876543219',45,0,'2017-08-30 08:31:57',NULL),(44,1,'taj hotel ','2017-08-30','14:00:00','2017-08-30','17:00:00','IST','warje morayaheights sena pati Bapat road Pune ','18.5408604460779','73.8306217544904','9876543219',45,0,'2017-08-30 08:31:58',NULL),(45,1,'taj hotel ','2017-08-30','14:00:00','2017-08-30','17:00:00','IST','warje morayaheights sena pati Bapat road Pune ','18.5408604460779','73.8306217544904','9876543219',45,0,'2017-08-30 08:31:58',NULL),(46,22,'hotel','2017-09-30','19:58:00','2017-09-30','20:59:00','IST','Baner ','18.928843','72.8333584','8979008967',43,0,'2017-08-30 13:29:09',NULL),(47,22,'hotel','2017-09-30','19:58:00','2017-09-30','20:59:00','IST','Baner ','18.928843','72.8333584','8979008967',43,0,'2017-08-30 13:29:10',NULL);
/*!40000 ALTER TABLE `hotel` ENABLE KEYS */;
UNLOCK TABLES;

--
-- Table structure for table `itinerary`
--

DROP TABLE IF EXISTS `itinerary`;
/*!40101 SET @saved_cs_client     = @@character_set_client */;
/*!40101 SET character_set_client = utf8 */;
CREATE TABLE `itinerary` (
  `itineraryId` bigint(20) NOT NULL AUTO_INCREMENT,
  `userId` bigint(20) NOT NULL,
  `itineraryName` varchar(256) NOT NULL,
  `itineraryDate` datetime NOT NULL,
  `deleteFlag` tinyint(4) NOT NULL DEFAULT '0',
  `dateCreated` datetime NOT NULL DEFAULT CURRENT_TIMESTAMP,
  `dateModified` datetime DEFAULT NULL,
  PRIMARY KEY (`itineraryId`)
) ENGINE=InnoDB AUTO_INCREMENT=61 DEFAULT CHARSET=latin1;
/*!40101 SET character_set_client = @saved_cs_client */;

--
-- Dumping data for table `itinerary`
--

LOCK TABLES `itinerary` WRITE;
/*!40000 ALTER TABLE `itinerary` DISABLE KEYS */;
INSERT INTO `itinerary` VALUES (1,1,'London UK','2014-08-12 11:14:54',1,'2017-06-15 12:15:15','2017-08-14 10:02:22'),(2,1,'New York','2017-08-25 00:00:00',1,'2017-06-15 12:16:05','2017-08-16 14:38:57'),(3,1,'London','2017-08-24 00:00:00',1,'2017-06-15 12:17:09','2017-08-16 14:39:11'),(4,2,'Washington','2017-09-21 00:00:00',0,'2017-06-15 12:17:35',NULL),(5,2,'swap wrap','2017-06-23 00:00:00',0,'2017-06-21 15:51:05',NULL),(6,4,'Melborne','2017-07-18 00:00:00',0,'2017-07-18 10:10:43','2017-07-18 10:46:57'),(7,4,'Singapore','2017-07-18 00:00:00',0,'2017-07-18 10:48:37','2017-07-19 05:40:23'),(9,22,'Pune','2017-08-10 00:00:00',0,'2017-08-10 04:31:14',NULL),(10,22,'Mumbai','2017-08-12 00:00:00',0,'2017-08-10 04:36:33',NULL),(11,1,'maharashtra','2017-08-10 00:00:00',1,'2017-08-10 05:12:43','2017-08-14 10:02:17'),(12,1,'kolkata','2017-08-10 00:00:00',1,'2017-08-10 05:16:15','2017-08-14 10:02:10'),(13,22,'Delhi','2017-08-14 00:00:00',0,'2017-08-10 05:32:52',NULL),(14,22,'Kashi','2017-10-10 00:00:00',0,'2017-08-10 05:34:07',NULL),(15,22,'noida ','2017-12-21 00:00:00',0,'2017-08-10 06:12:38',NULL),(16,22,'Bangalore ','2020-08-10 00:00:00',0,'2017-08-10 09:06:56',NULL),(17,1,'Nishi home','2019-12-11 00:00:00',1,'2017-08-11 03:54:01','2017-08-16 09:27:13'),(18,1,'Nishi Wakad home','2019-01-11 00:00:00',1,'2017-08-11 03:55:42','2017-08-16 14:45:40'),(19,14,'hdjd','2017-10-11 00:00:00',1,'2017-08-11 04:39:47','2017-08-11 05:11:48'),(20,14,'ftyyg','2017-08-11 00:00:00',1,'2017-08-11 05:12:27','2017-08-11 05:14:06'),(21,14,'vhjgf','2017-10-11 00:00:00',0,'2017-08-11 05:18:32',NULL),(22,40,'California, USA','2017-10-13 00:00:00',0,'2017-08-11 05:50:55',NULL),(23,40,'Miami, USA','2017-09-17 00:00:00',0,'2017-08-11 05:51:59',NULL),(24,24,'India ','2017-10-13 00:00:00',1,'2017-08-11 09:57:51','2017-08-17 12:56:57'),(25,24,'Miami ,USA','2017-08-16 00:00:00',1,'2017-08-11 10:00:08','2017-08-17 12:56:47'),(26,1,'nishigandha','2020-01-20 00:00:00',1,'2017-08-14 10:47:35','2017-08-16 09:27:06'),(27,24,'London ','2017-10-16 00:00:00',1,'2017-08-16 10:43:58','2017-08-17 12:56:43'),(28,24,'Jammu ','2017-08-16 00:00:00',1,'2017-08-16 11:43:17','2017-08-17 12:57:07'),(29,24,'Kerala ','2017-11-16 00:00:00',1,'2017-08-16 11:43:35','2017-08-17 12:56:26'),(30,24,'U.K. ','2017-12-18 00:00:00',1,'2017-08-16 11:44:07','2017-08-17 12:56:01'),(31,24,'USA ','2017-09-17 00:00:00',1,'2017-08-16 11:52:03','2017-08-17 12:57:34'),(32,1,'Nishi','2017-08-16 00:00:00',1,'2017-08-16 14:46:38','2017-08-17 06:19:26'),(33,1,'Ito 1','2017-08-17 00:00:00',1,'2017-08-17 06:32:28','2017-08-24 06:43:02'),(34,24,'Miami USA ','2017-09-17 00:00:00',0,'2017-08-17 13:04:27',NULL),(35,43,'Miami USA','2017-09-18 00:00:00',0,'2017-08-18 05:56:31',NULL),(36,43,'London UK','2017-09-18 00:00:00',0,'2017-08-18 05:56:49',NULL),(37,43,'Mumbai India ','2018-01-18 00:00:00',0,'2017-08-18 05:57:08',NULL),(38,43,'Germany ','2017-11-18 00:00:00',0,'2017-08-18 05:57:58',NULL),(39,24,'London U.K. ','2017-09-18 00:00:00',0,'2017-08-18 06:49:41',NULL),(40,24,'Pune India ','2017-09-18 00:00:00',0,'2017-08-18 06:50:01',NULL),(41,24,'Jammu India ','2017-09-18 00:00:00',0,'2017-08-18 07:30:02',NULL),(42,45,'New Delhi ','2017-08-20 00:00:00',0,'2017-08-19 10:56:35',NULL),(43,22,'Delhi ','2017-08-22 00:00:00',0,'2017-08-22 11:57:20',NULL),(44,1,'hum','2017-08-24 00:00:00',1,'2017-08-23 06:09:36','2017-08-24 07:24:46'),(45,1,'hii','2017-08-22 00:00:00',0,'2017-08-24 07:26:24',NULL),(46,14,'hello','2017-09-28 00:00:00',0,'2017-08-28 12:10:13',NULL),(47,46,'Google','2017-09-30 00:00:00',0,'2017-08-30 06:38:59',NULL),(48,46,'Hoxton','2017-10-01 00:00:00',0,'2017-08-30 08:47:51',NULL),(49,1,'Miami USA','2017-09-30 00:00:00',0,'2017-08-30 09:31:04',NULL),(50,1,'India Pune','2017-10-30 00:00:00',0,'2017-08-30 09:31:41',NULL),(51,1,'Pune ','2017-11-30 00:00:00',0,'2017-08-30 09:32:22',NULL),(52,1,'Delhi ','2017-10-31 00:00:00',0,'2017-08-30 09:36:56',NULL),(53,1,'Pune India ','2017-11-30 00:00:00',0,'2017-08-30 09:37:21',NULL),(54,1,'Pune ','2017-10-01 00:00:00',0,'2017-08-30 09:39:05',NULL),(55,1,'Mumbai India ','2017-11-01 00:00:00',0,'2017-08-30 09:40:29',NULL),(56,1,'Pune indiaaaaa','2017-10-31 00:00:00',0,'2017-08-30 09:41:16',NULL),(57,45,'London ','2017-01-27 00:00:00',0,'2018-01-26 20:38:35',NULL),(58,14,'mumbai','2018-03-03 00:00:00',0,'2018-03-01 07:15:56',NULL),(59,47,'Europe','2016-03-06 00:00:00',0,'2018-03-05 23:38:35',NULL),(60,45,'sydney','2019-03-13 00:00:00',0,'2018-03-13 07:51:27',NULL);
/*!40000 ALTER TABLE `itinerary` ENABLE KEYS */;
UNLOCK TABLES;

--
-- Table structure for table `locationshistory`
--

DROP TABLE IF EXISTS `locationshistory`;
/*!40101 SET @saved_cs_client     = @@character_set_client */;
/*!40101 SET character_set_client = utf8 */;
CREATE TABLE `locationshistory` (
  `locationId` bigint(20) NOT NULL AUTO_INCREMENT,
  `userId` bigint(20) NOT NULL,
  `latitude` varchar(255) NOT NULL,
  `longitude` varchar(255) NOT NULL,
  `createdAt` timestamp NOT NULL DEFAULT CURRENT_TIMESTAMP ON UPDATE CURRENT_TIMESTAMP,
  PRIMARY KEY (`locationId`)
) ENGINE=InnoDB AUTO_INCREMENT=2372 DEFAULT CHARSET=latin1;
/*!40101 SET character_set_client = @saved_cs_client */;

--
-- Dumping data for table `locationshistory`
--

LOCK TABLES `locationshistory` WRITE;
/*!40000 ALTER TABLE `locationshistory` DISABLE KEYS */;
INSERT INTO `locationshistory` VALUES (1,1,'18.5204','73.8567','2017-06-19 08:27:10'),(2,1,'18.5204','73.8567','2017-06-19 08:29:18'),(3,2,'17.3850','78.4867','2017-06-19 09:08:17'),(4,3,'12.9716','77.5946','2017-06-19 09:08:17'),(5,2,'18.5802','73.4511','2017-06-19 10:37:58'),(6,4,'18.5204','73.8567','2017-07-18 09:57:42'),(7,1,'18.5546364339019','73.7978987300531','2017-07-20 13:27:04'),(8,1,'18.5546364339019','73.7978987300531','2017-07-20 13:27:19'),(9,1,'18.5546364339019','73.7978987300531','2017-07-20 13:28:56'),(10,1,'18.5546464669252','73.7978714025429','2017-07-20 13:37:06'),(11,1,'18.5546464669252','73.7978714025429','2017-07-20 13:37:36'),(12,1,'18.5545213247449','73.7978663515878','2017-07-20 13:51:25'),(13,1,'18.554777746722','73.7976785640874','2017-07-21 07:00:43'),(14,1,'18.5547545330797','73.7976695180651','2017-07-21 07:01:13'),(15,1,'18.5547545330797','73.7976695180651','2017-07-21 07:01:41'),(16,1,'18.5547545330797','73.7976695180651','2017-07-21 07:02:13'),(17,1,'18.5547545330797','73.7976695180651','2017-07-21 07:02:41'),(18,1,'18.5547545330797','73.7976695180651','2017-07-21 07:03:11'),(19,13,'18.5547974358819','73.797799127254','2017-07-21 09:00:28'),(20,13,'18.5547974358819','73.797799127254','2017-07-21 09:00:59'),(21,13,'18.5547456338095','73.7977319158289','2017-07-21 09:01:28'),(22,13,'18.5547456338095','73.7977319158289','2017-07-21 09:01:58'),(23,13,'18.5547456338095','73.7977319158289','2017-07-21 09:02:28'),(24,14,'18.5547419728411','73.7977243523004','2017-07-21 09:23:05'),(25,14,'18.5547419728411','73.7977243523004','2017-07-21 09:23:36'),(26,14,'18.5547419728411','73.7977243523004','2017-07-21 09:24:05'),(27,14,'18.5547419728411','73.7977243523004','2017-07-21 09:24:35'),(28,14,'18.5547419728411','73.7977243523004','2017-07-21 09:25:05'),(29,15,'18.5547394937891','73.7977404050165','2017-07-21 09:40:57'),(30,15,'18.5547394937891','73.7977404050165','2017-07-21 09:41:27'),(31,15,'18.5547394937891','73.7977404050165','2017-07-21 09:41:57'),(32,15,'18.5546546176128','73.7978127802143','2017-07-21 09:42:27'),(33,15,'18.5546546176128','73.7978127802143','2017-07-21 09:42:58'),(34,15,'18.5546546176128','73.7978127802143','2017-07-21 09:43:27'),(35,15,'18.5546546176128','73.7978127802143','2017-07-21 09:46:35'),(36,15,'18.5546546176128','73.7978127802143','2017-07-21 09:47:05'),(37,15,'18.5547416578952','73.7977390874736','2017-07-21 09:47:35'),(38,15,'18.5547416578952','73.7977390874736','2017-07-21 09:48:05'),(39,15,'18.5547416578952','73.7977390874736','2017-07-21 09:48:35'),(40,15,'18.5547416578952','73.7977390874736','2017-07-21 09:49:05'),(41,15,'18.5547416578952','73.7977390874736','2017-07-21 09:49:35'),(42,15,'18.5547416578952','73.7977390874736','2017-07-21 09:50:05'),(43,15,'18.5547416578952','73.7977390874736','2017-07-21 09:50:35'),(44,15,'18.5547416578952','73.7977390874736','2017-07-21 09:51:05'),(45,15,'18.5547416578952','73.7977390874736','2017-07-21 09:51:35'),(46,15,'18.5547416578952','73.7977390874736','2017-07-21 09:52:05'),(47,15,'18.5547384742838','73.7977436796246','2017-07-21 09:52:35'),(48,15,'18.5547384742838','73.7977436796246','2017-07-21 09:53:05'),(49,15,'18.5547384742838','73.7977436796246','2017-07-21 09:53:35'),(50,15,'18.5547384742838','73.7977436796246','2017-07-21 09:54:05'),(51,15,'18.5547384742838','73.7977436796246','2017-07-21 09:54:35'),(52,15,'18.5547384742838','73.7977436796246','2017-07-21 09:55:05'),(53,15,'18.5546234836396','73.7977489662094','2017-07-21 12:21:56'),(54,15,'18.5546234836396','73.7977489662094','2017-07-21 12:22:26'),(55,15,'18.5546234836396','73.7977489662094','2017-07-21 12:22:56'),(56,15,'18.5547368170046','73.7977402014621','2017-07-21 12:23:26'),(57,15,'18.5547368170046','73.7977402014621','2017-07-21 12:23:56'),(58,15,'18.5547368170046','73.7977402014621','2017-07-21 12:24:26'),(59,15,'18.5547368170046','73.7977402014621','2017-07-21 12:24:56'),(60,15,'18.5547368170046','73.7977402014621','2017-07-21 12:25:26'),(61,15,'18.5547368170046','73.7977402014621','2017-07-21 12:25:56'),(62,15,'18.5547368170046','73.7977402014621','2017-07-21 12:26:26'),(63,15,'18.5547368170046','73.7977402014621','2017-07-21 12:26:56'),(64,15,'18.5547368170046','73.7977402014621','2017-07-21 12:27:26'),(65,15,'18.5547368170046','73.7977402014621','2017-07-21 12:27:56'),(66,15,'18.554707676631','73.7976140714651','2017-07-21 12:48:52'),(67,15,'18.554707676631','73.7976140714651','2017-07-21 12:49:22'),(68,15,'18.554707676631','73.7976140714651','2017-07-21 12:50:42'),(69,17,'18.5546801731214','73.7977960203462','2017-07-21 13:01:48'),(70,17,'18.5546801731214','73.7977960203462','2017-07-21 13:03:24'),(71,17,'18.5546477299102','73.7977475613807','2017-07-21 13:07:47'),(72,17,'18.5546477299102','73.7977475613807','2017-07-21 13:08:17'),(73,17,'18.5545884135616','73.7976711310772','2017-07-21 13:08:47'),(74,17,'18.5545884135616','73.7976711310772','2017-07-21 13:09:17'),(75,17,'18.5545884135616','73.7976711310772','2017-07-21 13:09:47'),(76,17,'18.5545884135616','73.7976711310772','2017-07-21 13:11:27'),(77,17,'18.5545884135616','73.7976711310772','2017-07-21 13:11:52'),(78,17,'18.5545884135616','73.7976711310772','2017-07-21 13:12:22'),(79,17,'18.5545884135616','73.7976711310772','2017-07-21 13:12:53'),(80,17,'18.5545884135616','73.7976711310772','2017-07-21 13:13:24'),(81,17,'18.5545914389909','73.7977322676979','2017-07-21 13:13:54'),(82,17,'18.5545914389909','73.7977322676979','2017-07-21 13:14:23'),(83,17,'18.5547249737824','73.7977404570013','2017-07-21 13:20:23'),(84,17,'18.5547249737824','73.7977404570013','2017-07-21 13:20:57'),(85,17,'18.5547249737824','73.7977404570013','2017-07-21 13:21:23'),(86,17,'18.5547249737824','73.7977404570013','2017-07-21 13:21:53'),(87,17,'18.5547249737824','73.7977404570013','2017-07-21 13:22:24'),(88,17,'18.5547249737824','73.7977404570013','2017-07-21 13:22:53'),(89,17,'18.5547249737824','73.7977404570013','2017-07-21 13:23:24'),(90,17,'18.5547377259733','73.7977460620627','2017-07-21 13:23:53'),(91,17,'18.5547377259733','73.7977460620627','2017-07-21 13:27:39'),(92,17,'18.5547377259733','73.7977460620627','2017-07-21 13:28:13'),(93,17,'18.5547377259733','73.7977460620627','2017-07-21 13:28:40'),(94,17,'18.5544878247032','73.79775626447','2017-07-21 13:33:25'),(95,17,'18.55465601016','73.7977298508223','2017-07-21 13:33:55'),(96,17,'18.55465601016','73.7977298508223','2017-07-21 13:34:25'),(97,17,'18.5547370781695','73.7977451224717','2017-07-21 13:38:57'),(98,17,'18.5547370781695','73.7977451224717','2017-07-21 13:39:27'),(99,17,'18.5547370781695','73.7977451224717','2017-07-21 13:39:57'),(100,17,'18.5547370781695','73.7977451224717','2017-07-21 13:40:27'),(101,17,'18.5547370781695','73.7977451224717','2017-07-21 13:40:57'),(102,17,'18.5547370781695','73.7977451224717','2017-07-21 13:41:27'),(103,17,'18.5545853812554','73.7977521792905','2017-07-21 13:46:49'),(104,17,'18.5545735105987','73.7978111558515','2017-07-21 13:51:47'),(105,17,'18.5545735105987','73.7978111558515','2017-07-21 13:52:17'),(106,17,'18.5547103746009','73.7976127062022','2017-07-21 13:55:08'),(107,17,'18.5547103746009','73.7976127062022','2017-07-21 13:55:46'),(108,17,'18.5547103746009','73.7976127062022','2017-07-21 13:56:09'),(109,17,'18.5547407696413','73.7977467594136','2017-07-21 14:24:50'),(110,1,'18.5547608485986','73.7979321104922','2017-07-24 10:25:10'),(111,1,'18.5547608485986','73.7979321104922','2017-07-24 10:25:41'),(112,1,'18.5547608485986','73.7979321104922','2017-07-24 10:26:11'),(113,1,'18.5547608485986','73.7979321104922','2017-07-24 10:26:42'),(114,1,'18.5547047209804','73.7976082573466','2017-07-24 10:52:06'),(115,1,'18.5547785653101','73.797673964864','2017-07-24 10:57:39'),(116,1,'18.5545696406555','73.7978579894939','2017-07-24 11:03:25'),(117,1,'18.5545696406555','73.7978579894939','2017-07-24 11:03:51'),(118,1,'18.5545696406555','73.7978579894939','2017-07-24 11:04:41'),(119,1,'18.5545983937202','73.797916936008','2017-07-24 11:08:06'),(120,1,'18.5546237268505','73.7978161738724','2017-07-24 11:10:44'),(121,1,'18.5546237268505','73.7978161738724','2017-07-24 11:11:14'),(122,1,'18.5546237268505','73.7978161738724','2017-07-24 11:11:44'),(123,1,'18.5546237268505','73.7978161738724','2017-07-24 11:12:14'),(124,1,'18.5546237268505','73.7978161738724','2017-07-24 11:12:44'),(125,1,'18.5546237268505','73.7978161738724','2017-07-24 11:13:14'),(126,1,'18.5546237268505','73.7978161738724','2017-07-24 11:13:44'),(127,1,'18.5546237268505','73.7978161738724','2017-07-24 11:14:14'),(128,1,'18.5546239009692','73.7978413071165','2017-07-24 11:14:44'),(129,1,'18.5546239009692','73.7978413071165','2017-07-24 11:15:14'),(130,1,'18.5546239009692','73.7978413071165','2017-07-24 11:15:44'),(131,1,'18.5546239009692','73.7978413071165','2017-07-24 11:16:14'),(132,1,'18.5546239009692','73.7978413071165','2017-07-24 11:16:44'),(133,1,'18.5546239009692','73.7978413071165','2017-07-24 11:17:14'),(134,1,'18.5546239009692','73.7978413071165','2017-07-24 11:17:44'),(135,1,'18.5546239009692','73.7978413071165','2017-07-24 11:18:14'),(136,1,'18.5546239009692','73.7978413071165','2017-07-24 11:18:44'),(137,1,'18.5546239009692','73.7978413071165','2017-07-24 11:19:14'),(138,1,'18.5545694926513','73.7978380566764','2017-07-24 11:19:44'),(139,1,'18.5545694926513','73.7978380566764','2017-07-24 11:20:14'),(140,1,'18.5545694926513','73.7978380566764','2017-07-24 11:20:44'),(141,1,'18.5547148402388','73.7978055907933','2017-07-24 11:50:58'),(142,1,'18.5547148402388','73.7978055907933','2017-07-24 11:51:28'),(143,1,'18.5547148402388','73.7978055907933','2017-07-24 11:51:58'),(144,1,'18.5547148402388','73.7978055907933','2017-07-24 11:52:28'),(145,1,'18.5547148402388','73.7978055907933','2017-07-24 11:52:58'),(146,1,'18.5547148402388','73.7978055907933','2017-07-24 11:53:28'),(147,1,'18.5547148402388','73.7978055907933','2017-07-24 11:53:58'),(148,1,'18.5547148402388','73.7978055907933','2017-07-24 11:54:28'),(149,1,'18.5547148402388','73.7978055907933','2017-07-24 11:54:58'),(150,1,'18.5547148402388','73.7978055907933','2017-07-24 11:55:28'),(151,1,'18.5545896568787','73.7976364463253','2017-07-24 11:55:58'),(152,1,'18.5544816762765','73.7979895606986','2017-07-24 11:56:42'),(153,1,'18.5545544271541','73.7978328545733','2017-07-25 05:19:06'),(154,1,'18.5544239948966','73.7979020920682','2017-07-25 05:19:36'),(155,1,'18.554695296396','73.7977655605726','2017-07-25 05:24:16'),(156,1,'18.5545462956601','73.7978587244761','2017-07-25 05:24:46'),(157,1,'18.5545313381133','73.7979199196185','2017-07-25 05:27:20'),(158,1,'18.5544885757818','73.7978057500244','2017-07-25 06:12:46'),(159,1,'18.5543853473678','73.7980699593466','2017-07-25 06:19:05'),(160,1,'18.5547945499047','73.7978108372963','2017-07-25 06:27:09'),(161,1,'18.5544107922749','73.7978868206125','2017-07-25 06:31:50'),(162,1,'18.554553454803','73.7979300905319','2017-07-25 06:38:51'),(163,1,'18.554553454803','73.7979300905319','2017-07-25 06:39:21'),(164,1,'18.5544010797203','73.7978864602567','2017-07-25 06:41:17'),(165,1,'18.5544010797203','73.7978864602567','2017-07-25 06:41:21'),(166,1,'18.5544010797203','73.7978864602567','2017-07-25 06:41:52'),(167,1,'18.5544010797203','73.7978864602567','2017-07-25 06:42:21'),(168,1,'18.5545741604059','73.7976800044022','2017-07-25 06:50:16'),(169,1,'18.5544126202499','73.7978862255301','2017-07-25 06:56:00'),(170,1,'18.5546879128923','73.7978305750701','2017-07-25 07:22:47'),(171,1,'18.5547529831879','73.7977498463668','2017-07-25 12:26:38'),(172,1,'18.5547529831879','73.7977498463668','2017-07-25 12:28:15'),(173,1,'18.5547529831879','73.7977498463668','2017-07-25 12:28:23'),(174,1,'18.554558286561','73.7976551693132','2017-07-25 12:33:19'),(175,1,'18.5546737417435','73.7976267141349','2017-07-25 12:53:54'),(176,1,'18.5546737417435','73.7976267141349','2017-07-25 12:53:58'),(177,1,'18.5546804665925','73.7978163358584','2017-07-25 12:56:31'),(178,1,'18.5546330180553','73.7976802160236','2017-07-25 13:03:15'),(179,1,'18.5546330180553','73.7976802160236','2017-07-25 13:03:45'),(180,1,'18.5546330180553','73.7976802160236','2017-07-25 13:04:15'),(181,1,'18.5545728499457','73.7976734137055','2017-07-25 13:12:48'),(182,1,'18.5545728499457','73.7976734137055','2017-07-25 13:13:18'),(183,1,'18.5545728499457','73.7976734137055','2017-07-25 13:14:00'),(184,1,'18.5545668320683','73.7977676300693','2017-07-25 13:17:04'),(185,1,'18.5545668320683','73.7977676300693','2017-07-25 13:17:34'),(186,1,'18.5545668320683','73.7977676300693','2017-07-25 13:18:05'),(187,1,'18.5545668320683','73.7977676300693','2017-07-25 13:18:34'),(188,1,'18.5545668320683','73.7977676300693','2017-07-25 13:19:13'),(189,1,'18.5547429214838','73.7977309690224','2017-07-25 13:22:12'),(190,1,'18.5547429214838','73.7977309690224','2017-07-25 13:22:42'),(191,1,'18.5547429214838','73.7977309690224','2017-07-25 13:23:12'),(192,1,'18.5546812519667','73.7978246360492','2017-07-25 13:26:06'),(193,1,'18.5546812519667','73.7978246360492','2017-07-25 13:26:38'),(194,1,'18.5547755833465','73.7976817865644','2017-07-25 13:30:42'),(195,1,'18.5547755833465','73.7976817865644','2017-07-25 13:31:12'),(196,1,'18.5547732330184','73.7976852331734','2017-07-25 13:34:34'),(197,1,'18.5547732330184','73.7976852331734','2017-07-25 13:35:04'),(198,1,'18.5547732330184','73.7976852331734','2017-07-25 13:35:34'),(199,1,'18.5547732330184','73.7976852331734','2017-07-25 13:36:04'),(200,1,'18.5547732330184','73.7976852331734','2017-07-25 13:36:34'),(201,1,'18.5545436711019','73.7979384025018','2017-07-25 13:41:38'),(202,1,'18.5545436711019','73.7979384025018','2017-07-25 13:42:08'),(203,1,'18.5545436711019','73.7979384025018','2017-07-25 13:42:38'),(204,1,'18.5545436711019','73.7979384025018','2017-07-25 13:43:33'),(205,1,'18.5545107896405','73.7979729415799','2017-07-25 13:55:42'),(206,1,'18.554556967654','73.797770408987','2017-07-25 14:02:43'),(207,1,'18.5545942212885','73.7978402451336','2017-07-25 14:07:04'),(208,1,'18.5545942212885','73.7978402451336','2017-07-25 14:09:35'),(209,1,'18.5547815494173','73.797680186184','2017-07-26 04:38:13'),(210,1,'18.5547815494173','73.797680186184','2017-07-26 04:38:43'),(211,1,'18.5547815494173','73.797680186184','2017-07-26 04:39:13'),(212,1,'18.5547815494173','73.797680186184','2017-07-26 04:39:43'),(213,1,'18.5547815494173','73.797680186184','2017-07-26 04:40:13'),(214,1,'18.5547815494173','73.797680186184','2017-07-26 04:40:43'),(215,1,'18.5547815494173','73.797680186184','2017-07-26 04:43:34'),(216,1,'18.5547815494173','73.797680186184','2017-07-26 04:44:04'),(217,1,'18.5547815494173','73.797680186184','2017-07-26 04:44:56'),(218,1,'18.5545905211684','73.7978354914803','2017-07-26 04:45:04'),(219,1,'18.5545905211684','73.7978354914803','2017-07-26 04:45:37'),(220,1,'18.5545905211684','73.7978354914803','2017-07-26 04:46:04'),(221,1,'18.5543003748313','73.7978657549866','2017-07-26 05:02:24'),(222,1,'18.5547017719214','73.7977653057146','2017-07-26 06:03:44'),(223,1,'18.5547017719214','73.7977653057146','2017-07-26 06:04:14'),(224,1,'18.5547017719214','73.7977653057146','2017-07-26 06:04:45'),(225,1,'18.5547017719214','73.7977653057146','2017-07-26 06:05:14'),(226,1,'18.5547017719214','73.7977653057146','2017-07-26 06:05:44'),(227,1,'18.5547017719214','73.7977653057146','2017-07-26 06:06:14'),(228,1,'18.5547017719214','73.7977653057146','2017-07-26 06:06:44'),(229,1,'18.5547017719214','73.7977653057146','2017-07-26 06:07:14'),(230,1,'18.5547030141795','73.7976125686341','2017-07-26 06:07:44'),(231,1,'18.5547030141795','73.7976125686341','2017-07-26 06:08:14'),(232,1,'18.5547030141795','73.7976125686341','2017-07-26 06:08:44'),(233,1,'18.5547030141795','73.7976125686341','2017-07-26 06:09:14'),(234,1,'18.5547030141795','73.7976125686341','2017-07-26 06:09:44'),(235,1,'18.5547030141795','73.7976125686341','2017-07-26 06:10:14'),(236,1,'18.5547030141795','73.7976125686341','2017-07-26 06:10:44'),(237,1,'18.5547030141795','73.7976125686341','2017-07-26 06:11:14'),(238,1,'18.5547030141795','73.7976125686341','2017-07-26 06:11:44'),(239,1,'18.5547030141795','73.7976125686341','2017-07-26 06:12:14'),(240,1,'18.5546146814294','73.7977168010772','2017-07-26 06:12:44'),(241,1,'18.5546146814294','73.7977168010772','2017-07-26 06:13:14'),(242,1,'18.5546146814294','73.7977168010772','2017-07-26 06:13:44'),(243,1,'18.5546146814294','73.7977168010772','2017-07-26 06:14:14'),(244,1,'18.5546146814294','73.7977168010772','2017-07-26 06:14:44'),(245,1,'18.5546146814294','73.7977168010772','2017-07-26 06:15:14'),(246,1,'18.5546146814294','73.7977168010772','2017-07-26 06:15:44'),(247,1,'18.5546146814294','73.7977168010772','2017-07-26 06:16:14'),(248,1,'18.5546146814294','73.7977168010772','2017-07-26 06:16:44'),(249,1,'18.5546146814294','73.7977168010772','2017-07-26 06:17:14'),(250,1,'18.5546408517546','73.7977358103489','2017-07-26 06:17:44'),(251,1,'18.5546408517546','73.7977358103489','2017-07-26 06:18:14'),(252,1,'18.5546408517546','73.7977358103489','2017-07-26 06:18:44'),(253,1,'18.5546408517546','73.7977358103489','2017-07-26 06:19:14'),(254,1,'18.5546408517546','73.7977358103489','2017-07-26 06:19:44'),(255,1,'18.5546408517546','73.7977358103489','2017-07-26 06:20:14'),(256,1,'18.5546408517546','73.7977358103489','2017-07-26 06:20:44'),(257,1,'18.5546408517546','73.7977358103489','2017-07-26 06:21:14'),(258,1,'18.5546408517546','73.7977358103489','2017-07-26 06:21:45'),(259,1,'18.5546204273139','73.7977679865243','2017-07-26 06:59:51'),(260,1,'18.5546204273139','73.7977679865243','2017-07-26 07:00:22'),(261,1,'18.5546204273139','73.7977679865243','2017-07-26 07:00:52'),(262,1,'18.5546693569039','73.7978111075911','2017-07-26 07:02:33'),(263,1,'18.5546693569039','73.7978111075911','2017-07-26 07:03:03'),(264,1,'18.5546204273139','73.7977679865243','2017-07-26 07:03:33'),(265,1,'18.5546204273139','73.7977679865243','2017-07-26 07:06:50'),(266,1,'18.5546204273139','73.7977679865243','2017-07-26 07:07:03'),(267,1,'18.5545585221993','73.7977962141455','2017-07-26 07:07:33'),(268,1,'18.5545585221993','73.7977962141455','2017-07-26 07:08:03'),(269,1,'18.5545585221993','73.7977962141455','2017-07-26 07:08:33'),(270,1,'18.5545585221993','73.7977962141455','2017-07-26 07:09:03'),(271,1,'18.5545585221993','73.7977962141455','2017-07-26 07:09:33'),(272,1,'18.5545585221993','73.7977962141455','2017-07-26 07:10:03'),(273,1,'18.5545585221993','73.7977962141455','2017-07-26 07:10:33'),(274,1,'18.5545585221993','73.7977962141455','2017-07-26 07:11:03'),(275,1,'18.5545585221993','73.7977962141455','2017-07-26 07:11:34'),(276,1,'18.5545585221993','73.7977962141455','2017-07-26 07:12:03'),(277,1,'18.5545620724854','73.7978251215856','2017-07-26 07:12:33'),(278,1,'18.5545620724854','73.7978251215856','2017-07-26 07:13:03'),(279,1,'18.5545685496821','73.7977928177225','2017-07-26 08:43:27'),(280,1,'18.5545685496821','73.7977928177225','2017-07-26 08:43:57'),(281,1,'18.5545685496821','73.7977928177225','2017-07-26 08:44:27'),(282,1,'18.5545685496821','73.7977928177225','2017-07-26 08:44:57'),(283,1,'18.5545685496821','73.7977928177225','2017-07-26 08:45:27'),(284,1,'18.5545685496821','73.7977928177225','2017-07-26 08:45:57'),(285,1,'18.5545685496821','73.7977928177225','2017-07-26 08:46:28'),(286,1,'18.5547265082504','73.7977063522955','2017-07-26 08:47:51'),(287,1,'18.5547265082504','73.7977063522955','2017-07-26 08:48:22'),(288,1,'18.5547265082504','73.7977063522955','2017-07-26 08:48:54'),(289,1,'18.5547265082504','73.7977063522955','2017-07-26 08:49:24'),(290,1,'18.5547265082504','73.7977063522955','2017-07-26 08:49:51'),(291,1,'18.5547265082504','73.7977063522955','2017-07-26 08:50:21'),(292,1,'18.5547265082504','73.7977063522955','2017-07-26 08:50:51'),(293,1,'18.5547265082504','73.7977063522955','2017-07-26 08:51:21'),(294,1,'18.5547265082504','73.7977063522955','2017-07-26 08:51:51'),(295,1,'18.5547265082504','73.7977063522955','2017-07-26 08:52:21'),(296,1,'18.5546591954631','73.7977051060547','2017-07-26 08:52:51'),(297,1,'18.5546591954631','73.7977051060547','2017-07-26 08:53:21'),(298,1,'18.5546591954631','73.7977051060547','2017-07-26 08:53:51'),(299,1,'18.5546591954631','73.7977051060547','2017-07-26 08:54:39'),(300,1,'18.5546591954631','73.7977051060547','2017-07-26 08:54:51'),(301,1,'18.5546591954631','73.7977051060547','2017-07-26 08:55:22'),(302,1,'18.5546591954631','73.7977051060547','2017-07-26 08:55:52'),(303,1,'18.5546591954631','73.7977051060547','2017-07-26 08:56:21'),(304,1,'18.5546591954631','73.7977051060547','2017-07-26 08:56:51'),(305,1,'18.5546591954631','73.7977051060547','2017-07-26 08:57:23'),(306,1,'18.5547064158094','73.7976127448121','2017-07-26 08:57:51'),(307,1,'18.5547064158094','73.7976127448121','2017-07-26 08:58:21'),(308,1,'18.5547064158094','73.7976127448121','2017-07-26 08:58:51'),(309,1,'18.5547064158094','73.7976127448121','2017-07-26 08:59:22'),(310,1,'18.5547064158094','73.7976127448121','2017-07-26 08:59:51'),(311,1,'18.5547064158094','73.7976127448121','2017-07-26 09:00:22'),(312,1,'18.5547064158094','73.7976127448121','2017-07-26 09:00:51'),(313,1,'18.5547064158094','73.7976127448121','2017-07-26 09:01:51'),(314,1,'18.5547064158094','73.7976127448121','2017-07-26 09:01:51'),(315,1,'18.5547064158094','73.7976127448121','2017-07-26 09:02:21'),(316,1,'18.5547255339019','73.7976213241484','2017-07-26 09:02:51'),(317,1,'18.5548226518486','73.7977259434176','2017-07-26 09:16:58'),(318,1,'18.5548226518486','73.7977259434176','2017-07-26 09:17:30'),(319,1,'18.554776289638','73.7976837156902','2017-07-26 09:21:20'),(320,1,'18.554776289638','73.7976837156902','2017-07-26 09:21:45'),(321,1,'18.554776289638','73.7976837156902','2017-07-26 09:22:15'),(322,1,'18.554776289638','73.7976837156902','2017-07-26 09:22:46'),(323,1,'18.554776289638','73.7976837156902','2017-07-26 09:23:15'),(324,1,'18.554776289638','73.7976837156902','2017-07-26 09:23:45'),(325,1,'18.554776289638','73.7976837156902','2017-07-26 09:24:15'),(326,1,'18.5546357003922','73.7978318118066','2017-07-26 09:24:45'),(327,1,'18.5546357003922','73.7978318118066','2017-07-26 09:25:15'),(328,1,'18.5546357003922','73.7978318118066','2017-07-26 09:25:45'),(329,1,'18.5546357003922','73.7978318118066','2017-07-26 09:26:15'),(330,1,'18.5546357003922','73.7978318118066','2017-07-26 09:26:45'),(331,1,'18.5546357003922','73.7978318118066','2017-07-26 09:27:16'),(332,1,'18.5546357003922','73.7978318118066','2017-07-26 09:27:46'),(333,1,'18.5545848430606','73.7978921007142','2017-07-26 09:31:42'),(334,1,'18.5545848430606','73.7978921007142','2017-07-26 09:35:19'),(335,1,'18.5547033843898','73.7977773993124','2017-07-26 09:35:58'),(336,1,'18.5547033843898','73.7977773993124','2017-07-26 09:36:12'),(337,1,'18.5544178819964','73.7978817113108','2017-07-26 09:40:57'),(338,1,'18.5544178819964','73.7978817113108','2017-07-26 09:41:20'),(339,1,'18.5544178819964','73.7978817113108','2017-07-26 09:42:08'),(340,1,'18.5544178819964','73.7978817113108','2017-07-26 09:42:23'),(341,1,'18.5544178819964','73.7978817113108','2017-07-26 09:42:51'),(342,1,'18.5544178819964','73.7978817113108','2017-07-26 09:43:20'),(343,1,'18.5547060704259','73.7976113315775','2017-07-26 09:55:35'),(344,1,'18.5547060704259','73.7976113315775','2017-07-26 09:56:05'),(345,1,'18.5547060704259','73.7976113315775','2017-07-26 09:56:36'),(346,1,'18.5547060704259','73.7976113315775','2017-07-26 09:57:05'),(347,1,'18.5547060704259','73.7976113315775','2017-07-26 09:57:35'),(348,1,'18.5547060704259','73.7976113315775','2017-07-26 09:58:05'),(349,1,'18.5547060704259','73.7976113315775','2017-07-26 09:58:35'),(350,1,'18.5547060704259','73.7976113315775','2017-07-26 09:59:05'),(351,1,'18.5547060704259','73.7976113315775','2017-07-26 09:59:38'),(352,1,'18.5547060704259','73.7976113315775','2017-07-26 10:00:05'),(353,1,'18.5547264432098','73.7976375752362','2017-07-26 10:08:55'),(354,1,'18.5547264432098','73.7976375752362','2017-07-26 10:09:25'),(355,1,'18.5547264432098','73.7976375752362','2017-07-26 10:09:55'),(356,1,'18.5547264432098','73.7976375752362','2017-07-26 10:10:25'),(357,1,'18.5547264432098','73.7976375752362','2017-07-26 10:10:55'),(358,1,'18.5547264432098','73.7976375752362','2017-07-26 10:11:25'),(359,1,'18.5547264432098','73.7976375752362','2017-07-26 10:11:55'),(360,1,'18.5547264432098','73.7976375752362','2017-07-26 10:12:25'),(361,1,'18.5547264432098','73.7976375752362','2017-07-26 10:12:55'),(362,1,'18.5547264432098','73.7976375752362','2017-07-26 10:13:25'),(363,1,'18.5547422651051','73.7977374279581','2017-07-26 10:13:55'),(364,1,'18.5547422651051','73.7977374279581','2017-07-26 10:14:25'),(365,1,'18.5547422651051','73.7977374279581','2017-07-26 10:14:55'),(366,1,'18.5547422651051','73.7977374279581','2017-07-26 10:15:25'),(367,1,'18.5547422651051','73.7977374279581','2017-07-26 10:15:56'),(368,1,'18.5547422651051','73.7977374279581','2017-07-26 10:16:25'),(369,1,'18.5547422651051','73.7977374279581','2017-07-26 10:16:55'),(370,1,'18.5547422651051','73.7977374279581','2017-07-26 10:17:25'),(371,1,'18.5547422651051','73.7977374279581','2017-07-26 10:17:55'),(372,1,'18.5547422651051','73.7977374279581','2017-07-26 10:18:25'),(373,1,'18.5546786627391','73.7977133060906','2017-07-26 10:18:55'),(374,1,'18.5546786627391','73.7977133060906','2017-07-26 10:19:25'),(375,1,'18.5546786627391','73.7977133060906','2017-07-26 10:19:55'),(376,1,'18.5546786627391','73.7977133060906','2017-07-26 10:20:25'),(377,1,'18.5546786627391','73.7977133060906','2017-07-26 10:20:55'),(378,1,'18.5546786627391','73.7977133060906','2017-07-26 10:21:25'),(379,1,'18.5546786627391','73.7977133060906','2017-07-26 10:21:55'),(380,1,'18.5546786627391','73.7977133060906','2017-07-26 10:22:25'),(381,1,'18.5546786627391','73.7977133060906','2017-07-26 10:22:55'),(382,1,'18.5546786627391','73.7977133060906','2017-07-26 10:23:25'),(383,1,'18.5546933032934','73.7976285438269','2017-07-26 10:23:55'),(384,1,'18.5546933032934','73.7976285438269','2017-07-26 10:24:25'),(385,1,'18.5546933032934','73.7976285438269','2017-07-26 10:24:55'),(386,1,'18.5546933032934','73.7976285438269','2017-07-26 10:25:25'),(387,1,'18.5546933032934','73.7976285438269','2017-07-26 10:25:55'),(388,1,'18.5546933032934','73.7976285438269','2017-07-26 10:26:25'),(389,1,'18.5546933032934','73.7976285438269','2017-07-26 10:26:55'),(390,1,'18.5546933032934','73.7976285438269','2017-07-26 10:27:25'),(391,1,'18.5546933032934','73.7976285438269','2017-07-26 10:27:55'),(392,1,'18.5546933032934','73.7976285438269','2017-07-26 10:28:25'),(393,1,'18.5547000606363','73.7976156713487','2017-07-26 10:28:55'),(394,1,'18.5547000606363','73.7976156713487','2017-07-26 10:29:25'),(395,1,'18.5547000606363','73.7976156713487','2017-07-26 10:29:55'),(396,1,'18.5547000606363','73.7976156713487','2017-07-26 10:30:25'),(397,1,'18.5547000606363','73.7976156713487','2017-07-26 10:30:55'),(398,1,'18.5547000606363','73.7976156713487','2017-07-26 10:31:25'),(399,1,'18.5547000606363','73.7976156713487','2017-07-26 10:31:55'),(400,1,'18.5547000606363','73.7976156713487','2017-07-26 10:32:25'),(401,1,'18.5547000606363','73.7976156713487','2017-07-26 10:32:55'),(402,1,'18.5547000606363','73.7976156713487','2017-07-26 10:33:25'),(403,1,'18.5546287446205','73.7977760950671','2017-07-26 10:33:55'),(404,1,'18.5546287446205','73.7977760950671','2017-07-26 10:34:25'),(405,1,'18.5546287446205','73.7977760950671','2017-07-26 10:34:55'),(406,1,'18.5546287446205','73.7977760950671','2017-07-26 10:35:25'),(407,1,'18.5546287446205','73.7977760950671','2017-07-26 10:35:55'),(408,1,'18.5546287446205','73.7977760950671','2017-07-26 10:36:25'),(409,1,'18.5546287446205','73.7977760950671','2017-07-26 10:36:56'),(410,1,'18.5546287446205','73.7977760950671','2017-07-26 10:37:25'),(411,1,'18.5547260067089','73.797751953108','2017-07-26 11:23:39'),(412,1,'18.5545796119857','73.7978307866005','2017-07-26 12:31:38'),(413,1,'18.5545796119857','73.7978307866005','2017-07-26 12:32:08'),(414,1,'18.5545796119857','73.7978307866005','2017-07-26 12:32:38'),(415,1,'18.5545796119857','73.7978307866005','2017-07-26 12:33:09'),(416,1,'18.5545796119857','73.7978307866005','2017-07-26 12:33:38'),(417,1,'18.5545796119857','73.7978307866005','2017-07-26 12:34:08'),(418,1,'18.5547410356663','73.7977348929295','2017-07-26 12:43:37'),(419,1,'18.5547410356663','73.7977348929295','2017-07-26 12:44:07'),(420,1,'18.5547410356663','73.7977348929295','2017-07-26 12:44:37'),(421,1,'18.5547410356663','73.7977348929295','2017-07-26 12:45:07'),(422,1,'18.5547410356663','73.7977348929295','2017-07-26 12:45:37'),(423,1,'18.5547410356663','73.7977348929295','2017-07-26 12:46:07'),(424,1,'18.5547410356663','73.7977348929295','2017-07-26 12:46:37'),(425,1,'18.5547410356663','73.7977348929295','2017-07-26 12:47:07'),(426,1,'18.5547410356663','73.7977348929295','2017-07-26 12:47:37'),(427,1,'18.5547410356663','73.7977348929295','2017-07-26 12:48:07'),(428,1,'18.5546339024413','73.797723210218','2017-07-26 12:50:45'),(429,1,'18.5546062773333','73.7976822411101','2017-07-26 13:02:07'),(430,1,'18.5545687241751','73.7976715407515','2017-07-26 13:03:33'),(431,1,'18.5545687241751','73.7976715407515','2017-07-26 13:04:03'),(432,1,'18.5545687241751','73.7976715407515','2017-07-26 13:04:33'),(433,1,'18.5545687241751','73.7976715407515','2017-07-26 13:05:04'),(434,1,'18.5545687241751','73.7976715407515','2017-07-26 13:15:05'),(435,1,'18.5547359866287','73.7977497267818','2017-07-26 13:22:09'),(436,1,'18.5547359866287','73.7977497267818','2017-07-26 13:22:34'),(437,1,'18.5547359866287','73.7977497267818','2017-07-26 13:23:04'),(438,1,'18.5547359866287','73.7977497267818','2017-07-26 13:23:34'),(439,1,'18.5547359866287','73.7977497267818','2017-07-26 13:24:04'),(440,1,'18.5547739148388','73.7976842355954','2017-07-26 13:25:39'),(441,1,'18.5547552944288','73.7979269123718','2017-07-26 13:26:42'),(442,1,'18.5547552944288','73.7979269123718','2017-07-26 13:27:12'),(443,1,'18.5547552944288','73.7979269123718','2017-07-26 13:27:42'),(444,1,'18.5547552944288','73.7979269123718','2017-07-26 13:28:12'),(445,1,'18.5547552944288','73.7979269123718','2017-07-26 13:28:42'),(446,1,'18.5547552944288','73.7979269123718','2017-07-26 13:29:12'),(447,1,'18.5547552944288','73.7979269123718','2017-07-26 13:29:42'),(448,1,'18.5547552944288','73.7979269123718','2017-07-26 13:30:12'),(449,1,'18.5547552944288','73.7979269123718','2017-07-26 13:30:42'),(450,1,'18.5547552944288','73.7979269123718','2017-07-26 13:31:12'),(451,1,'18.5547051243007','73.7977792366193','2017-07-26 13:31:42'),(452,1,'18.5547051243007','73.7977792366193','2017-07-26 13:32:12'),(453,1,'18.5547051243007','73.7977792366193','2017-07-26 13:32:42'),(454,1,'18.5547051243007','73.7977792366193','2017-07-26 13:33:12'),(455,1,'18.5547051243007','73.7977792366193','2017-07-26 13:33:42'),(456,1,'18.5547051243007','73.7977792366193','2017-07-26 13:34:12'),(457,1,'18.5547051243007','73.7977792366193','2017-07-26 13:34:42'),(458,1,'18.5547051243007','73.7977792366193','2017-07-26 13:35:12'),(459,1,'18.5547051243007','73.7977792366193','2017-07-26 13:35:42'),(460,1,'18.5547051243007','73.7977792366193','2017-07-26 13:36:12'),(461,1,'18.5546019415391','73.7978653475255','2017-07-26 13:51:23'),(462,1,'18.5546019415391','73.7978653475255','2017-07-26 13:51:53'),(463,1,'18.5546019415391','73.7978653475255','2017-07-26 13:52:23'),(464,1,'18.5546019415391','73.7978653475255','2017-07-26 13:52:53'),(465,1,'18.5546358749725','73.7977273815334','2017-07-26 14:18:47'),(466,1,'18.5547132595401','73.7977551901978','2017-07-26 14:35:54'),(467,1,'18.5547944172986','73.7977986147266','2017-07-26 14:38:24'),(468,1,'18.554561778084','73.7976610576572','2017-07-26 14:42:24'),(469,1,'18.5546250753222','73.7978339358349','2017-07-26 14:51:15'),(470,1,'18.5546250753222','73.7978339358349','2017-07-26 14:51:24'),(471,1,'18.5546250753222','73.7978339358349','2017-07-26 14:51:56'),(472,1,'18.5546250753222','73.7978339358349','2017-07-26 14:52:24'),(473,1,'18.5546250753222','73.7978339358349','2017-07-26 14:52:54'),(474,1,'18.5546250753222','73.7978339358349','2017-07-26 14:53:24'),(475,1,'18.5547049515253','73.7977822271654','2017-07-26 14:53:54'),(476,1,'18.5547049515253','73.7977822271654','2017-07-26 14:54:24'),(477,1,'18.5547049515253','73.7977822271654','2017-07-26 14:54:54'),(478,1,'18.5547049515253','73.7977822271654','2017-07-26 14:55:24'),(479,1,'18.5547049515253','73.7977822271654','2017-07-26 14:55:54'),(480,1,'18.5547049515253','73.7977822271654','2017-07-26 14:56:24'),(481,1,'18.5547049515253','73.7977822271654','2017-07-26 14:56:54'),(482,1,'18.5547049515253','73.7977822271654','2017-07-26 14:57:24'),(483,1,'18.5547049515253','73.7977822271654','2017-07-26 14:57:54'),(484,1,'18.5547049515253','73.7977822271654','2017-07-26 14:58:24'),(485,1,'18.5546648424335','73.7977489158917','2017-07-26 14:58:54'),(486,1,'18.5546648424335','73.7977489158917','2017-07-26 14:59:24'),(487,1,'18.5546648424335','73.7977489158917','2017-07-26 14:59:54'),(488,1,'18.5546457122346','73.7978647401828','2017-07-26 15:04:53'),(489,1,'18.5545772749713','73.797682108123','2017-07-26 15:18:08'),(490,1,'18.5545772749713','73.797682108123','2017-07-26 15:18:23'),(491,1,'18.5545772749713','73.797682108123','2017-07-26 15:18:53'),(492,1,'18.5545772749713','73.797682108123','2017-07-26 15:19:23'),(493,1,'18.5545772749713','73.797682108123','2017-07-26 15:19:53'),(494,1,'18.5545772749713','73.797682108123','2017-07-26 15:20:23'),(495,1,'18.5546793532932','73.7977918639803','2017-07-27 03:50:50'),(496,1,'18.5546793532932','73.7977918639803','2017-07-27 03:51:21'),(497,1,'18.5546793532932','73.7977918639803','2017-07-27 03:51:52'),(498,1,'18.5546793532932','73.7977918639803','2017-07-27 03:52:20'),(499,1,'18.5546793532932','73.7977918639803','2017-07-27 03:52:50'),(500,1,'18.5546793532932','73.7977918639803','2017-07-27 03:53:20'),(501,1,'18.5546793532932','73.7977918639803','2017-07-27 03:53:50'),(502,1,'18.5546793532932','73.7977918639803','2017-07-27 03:54:20'),(503,1,'18.5546793532932','73.7977918639803','2017-07-27 03:54:50'),(504,1,'18.5545179863997','73.797598771996','2017-07-27 03:55:20'),(505,1,'18.5545179863997','73.797598771996','2017-07-27 03:55:50'),(506,1,'18.5545179863997','73.797598771996','2017-07-27 03:56:20'),(507,1,'18.5545179863997','73.797598771996','2017-07-27 03:56:50'),(508,1,'18.5545179863997','73.797598771996','2017-07-27 03:57:20'),(509,1,'18.5545179863997','73.797598771996','2017-07-27 03:57:51'),(510,1,'18.5545179863997','73.797598771996','2017-07-27 03:58:21'),(511,1,'18.5545179863997','73.797598771996','2017-07-27 03:58:50'),(512,1,'18.5545179863997','73.797598771996','2017-07-27 03:59:20'),(513,1,'18.5545179863997','73.797598771996','2017-07-27 03:59:50'),(514,1,'18.5546676741729','73.7976166866732','2017-07-27 04:00:21'),(515,1,'18.5547395939696','73.7977244983891','2017-07-27 04:00:51'),(516,1,'18.5547395939696','73.7977244983891','2017-07-27 04:01:21'),(517,1,'18.5547395939696','73.7977244983891','2017-07-27 04:01:50'),(518,1,'18.5547395939696','73.7977244983891','2017-07-27 04:02:20'),(519,1,'18.5547395939696','73.7977244983891','2017-07-27 04:02:50'),(520,1,'18.5547395939696','73.7977244983891','2017-07-27 04:03:20'),(521,1,'18.5547395939696','73.7977244983891','2017-07-27 04:03:51'),(522,1,'18.5547395939696','73.7977244983891','2017-07-27 04:04:20'),(523,1,'18.5547395939696','73.7977244983891','2017-07-27 04:04:50'),(524,1,'18.5547395939696','73.7977244983891','2017-07-27 04:05:22'),(525,1,'18.5546635049885','73.7977614680038','2017-07-27 04:05:50'),(526,1,'18.5546635049885','73.7977614680038','2017-07-27 04:06:20'),(527,1,'18.5546635049885','73.7977614680038','2017-07-27 04:06:50'),(528,1,'18.5546635049885','73.7977614680038','2017-07-27 04:07:21'),(529,1,'18.5546635049885','73.7977614680038','2017-07-27 04:07:50'),(530,1,'18.5547246803692','73.7977159162715','2017-07-27 04:15:49'),(531,1,'18.5547246803692','73.7977159162715','2017-07-27 04:16:17'),(532,1,'18.5547421146521','73.7977366192442','2017-07-27 04:18:20'),(533,1,'18.5547421146521','73.7977366192442','2017-07-27 04:21:48'),(534,1,'18.5547077492521','73.7977759925834','2017-07-27 04:21:50'),(535,1,'18.5547077492521','73.7977759925834','2017-07-27 04:22:20'),(536,1,'18.5547921773601','73.7977635953866','2017-07-27 04:24:25'),(537,1,'18.5547921773601','73.7977635953866','2017-07-27 04:24:55'),(538,1,'18.5547329033087','73.7977090562698','2017-07-27 04:27:56'),(539,1,'18.5547329033087','73.7977090562698','2017-07-27 04:28:26'),(540,1,'18.5547329033087','73.7977090562698','2017-07-27 04:28:56'),(541,1,'18.5547329033087','73.7977090562698','2017-07-27 04:29:27'),(542,1,'18.5547329033087','73.7977090562698','2017-07-27 04:29:56'),(543,1,'18.5547329033087','73.7977090562698','2017-07-27 04:30:26'),(544,1,'18.5547329033087','73.7977090562698','2017-07-27 04:30:56'),(545,1,'18.5547329033087','73.7977090562698','2017-07-27 04:31:26'),(546,1,'18.5547329033087','73.7977090562698','2017-07-27 04:31:56'),(547,1,'18.5546182757737','73.7976108454366','2017-07-27 04:33:25'),(548,1,'18.5546810439683','73.7975690016898','2017-07-27 04:35:05'),(549,1,'18.5546810439683','73.7975690016898','2017-07-27 04:35:35'),(550,1,'18.5546810439683','73.7975690016898','2017-07-27 04:38:59'),(551,1,'18.5546810439683','73.7975690016898','2017-07-27 04:39:29'),(552,1,'18.5546810439683','73.7975690016898','2017-07-27 04:39:59'),(553,1,'18.5546810439683','73.7975690016898','2017-07-27 04:40:29'),(554,1,'18.5546810439683','73.7975690016898','2017-07-27 04:41:00'),(555,1,'18.5546810439683','73.7975690016898','2017-07-27 04:41:29'),(556,1,'18.5546810439683','73.7975690016898','2017-07-27 04:41:59'),(557,1,'18.5546810439683','73.7975690016898','2017-07-27 04:42:29'),(558,1,'18.5546810439683','73.7975690016898','2017-07-27 04:42:59'),(559,1,'18.5546810439683','73.7975690016898','2017-07-27 04:43:29'),(560,1,'18.5545786426614','73.7975929730035','2017-07-27 04:43:59'),(561,1,'18.5545786426614','73.7975929730035','2017-07-27 04:44:29'),(562,1,'18.5545786426614','73.7975929730035','2017-07-27 04:44:59'),(563,1,'18.5545786426614','73.7975929730035','2017-07-27 04:45:29'),(564,1,'18.5545786426614','73.7975929730035','2017-07-27 04:45:59'),(565,1,'18.5545786426614','73.7975929730035','2017-07-27 04:46:29'),(566,1,'18.5545786426614','73.7975929730035','2017-07-27 04:46:59'),(567,1,'18.5545850783723','73.7976518424009','2017-07-27 05:51:07'),(568,1,'18.5545850783723','73.7976518424009','2017-07-27 05:51:36'),(569,1,'18.5545941867591','73.7977252642317','2017-07-27 06:25:07'),(570,1,'18.5545941867591','73.7977252642317','2017-07-27 06:25:38'),(571,1,'18.5545941867591','73.7977252642317','2017-07-27 06:26:07'),(572,1,'18.5546118783465','73.7976501595895','2017-07-27 06:26:54'),(573,1,'18.5546118783465','73.7976501595895','2017-07-27 06:27:24'),(574,1,'18.5546118783465','73.7976501595895','2017-07-27 06:27:54'),(575,1,'18.5546118783465','73.7976501595895','2017-07-27 06:28:24'),(576,1,'18.5546118783465','73.7976501595895','2017-07-27 06:28:54'),(577,1,'18.5546118783465','73.7976501595895','2017-07-27 06:29:24'),(578,1,'18.5546118783465','73.7976501595895','2017-07-27 06:30:41'),(579,1,'18.5546613957712','73.7976200999749','2017-07-27 06:30:54'),(580,1,'18.5546613957712','73.7976200999749','2017-07-27 06:31:24'),(581,1,'18.5546030907565','73.797688274862','2017-07-27 06:34:47'),(582,1,'18.5546030907565','73.797688274862','2017-07-27 06:35:17'),(583,1,'18.5546030907565','73.797688274862','2017-07-27 06:35:47'),(584,1,'18.5546030907565','73.797688274862','2017-07-27 06:36:17'),(585,1,'18.5546632199849','73.7977629680061','2017-07-27 07:12:28'),(586,1,'18.5546632199849','73.7977629680061','2017-07-27 07:12:58'),(587,1,'18.5546749508954','73.7978032639833','2017-07-27 07:18:34'),(588,1,'18.5546914782864','73.7979494196331','2017-07-27 07:20:32'),(589,1,'18.5546914782864','73.7979494196331','2017-07-27 07:20:56'),(590,1,'18.5546914782864','73.7979494196331','2017-07-27 07:21:23'),(591,1,'18.5547528872434','73.7978868978477','2017-07-27 07:30:45'),(592,1,'18.5546962470737','73.7975705899189','2017-07-27 08:10:24'),(593,1,'18.5546962470737','73.7975705899189','2017-07-27 08:10:54'),(594,1,'18.5546962470737','73.7975705899189','2017-07-27 08:11:24'),(595,1,'18.5546962470737','73.7975705899189','2017-07-27 08:11:54'),(596,1,'18.5546962470737','73.7975705899189','2017-07-27 08:12:24'),(597,1,'18.5546962470737','73.7975705899189','2017-07-27 08:12:54'),(598,1,'18.5547535499813','73.7979229176341','2017-07-27 08:14:59'),(599,1,'18.5547170558848','73.7977755207309','2017-07-27 08:17:05'),(600,1,'18.5547170558848','73.7977755207309','2017-07-27 08:17:35'),(601,1,'18.5547170558848','73.7977755207309','2017-07-27 08:18:05'),(602,1,'18.5547170558848','73.7977755207309','2017-07-27 08:18:35'),(603,1,'18.5547517786534','73.7978629825675','2017-07-27 08:20:11'),(604,1,'18.5547517786534','73.7978629825675','2017-07-27 08:21:32'),(605,1,'18.5546780579567','73.7975918964511','2017-07-27 08:32:15'),(606,1,'18.5546695770671','73.7976869076409','2017-07-27 08:33:59'),(607,1,'18.5546310656614','73.7977621488555','2017-07-27 08:37:48'),(608,1,'18.5546310656614','73.7977621488555','2017-07-27 08:38:18'),(609,1,'18.5546310656614','73.7977621488555','2017-07-27 08:38:48'),(610,1,'18.5546435125133','73.7977864565612','2017-07-27 12:05:21'),(611,1,'18.5546435125133','73.7977864565612','2017-07-27 12:05:51'),(612,1,'18.5546435125133','73.7977864565612','2017-07-27 12:06:21'),(613,1,'18.5546435125133','73.7977864565612','2017-07-27 12:06:51'),(614,1,'18.5546435125133','73.7977864565612','2017-07-27 12:07:21'),(615,1,'18.5546435125133','73.7977864565612','2017-07-27 12:07:51'),(616,1,'18.5547469051974','73.7978706801042','2017-07-27 12:09:40'),(617,1,'18.5547469051974','73.7978706801042','2017-07-27 12:10:10'),(618,1,'18.5547469051974','73.7978706801042','2017-07-27 12:10:40'),(619,1,'18.5547469051974','73.7978706801042','2017-07-27 12:11:10'),(620,1,'18.5545993806685','73.7978693439609','2017-07-27 12:43:11'),(621,1,'18.5545993806685','73.7978693439609','2017-07-27 12:43:41'),(622,1,'18.5545993806685','73.7978693439609','2017-07-27 12:44:11'),(623,1,'18.5545993806685','73.7978693439609','2017-07-27 12:44:41'),(624,1,'18.5545993806685','73.7978693439609','2017-07-27 12:45:11'),(625,1,'18.5545993806685','73.7978693439609','2017-07-27 12:45:41'),(626,1,'18.5545993806685','73.7978693439609','2017-07-27 12:46:11'),(627,1,'18.5545993806685','73.7978693439609','2017-07-27 12:46:41'),(628,1,'18.5545993806685','73.7978693439609','2017-07-27 12:47:11'),(629,1,'18.5545993806685','73.7978693439609','2017-07-27 12:47:41'),(630,1,'18.554681510742','73.7977897189118','2017-07-27 12:48:11'),(631,1,'18.554681510742','73.7977897189118','2017-07-27 12:48:41'),(632,1,'18.554681510742','73.7977897189118','2017-07-27 12:49:11'),(633,1,'18.554681510742','73.7977897189118','2017-07-27 12:49:41'),(634,1,'18.554681510742','73.7977897189118','2017-07-27 12:50:11'),(635,1,'18.554681510742','73.7977897189118','2017-07-27 12:50:41'),(636,1,'18.554681510742','73.7977897189118','2017-07-27 12:51:11'),(637,1,'18.554681510742','73.7977897189118','2017-07-27 12:51:41'),(638,1,'18.554681510742','73.7977897189118','2017-07-27 12:52:11'),(639,1,'18.554681510742','73.7977897189118','2017-07-27 12:52:41'),(640,1,'18.5547314610048','73.797727086432','2017-07-27 12:53:11'),(641,1,'18.5547314610048','73.797727086432','2017-07-27 12:53:41'),(642,1,'18.5547213974929','73.7977340314519','2017-07-27 13:21:17'),(643,1,'18.5547213974929','73.7977340314519','2017-07-27 13:21:47'),(644,1,'18.5546798599428','73.7978782901587','2017-07-27 13:29:08'),(645,1,'18.5546798599428','73.7978782901587','2017-07-27 13:29:38'),(646,1,'18.5546798599428','73.7978782901587','2017-07-27 13:30:08'),(647,1,'18.5546798599428','73.7978782901587','2017-07-27 13:30:39'),(648,1,'18.5546798599428','73.7978782901587','2017-07-27 13:31:08'),(649,1,'18.5546798599428','73.7978782901587','2017-07-27 13:31:38'),(650,1,'18.5546798599428','73.7978782901587','2017-07-27 13:32:08'),(651,1,'18.5546798599428','73.7978782901587','2017-07-27 13:32:38'),(652,1,'18.5546798599428','73.7978782901587','2017-07-27 13:33:08'),(653,1,'18.5546798599428','73.7978782901587','2017-07-27 13:33:38'),(654,1,'18.5546467700436','73.7978619595313','2017-07-27 13:34:08'),(655,1,'18.5546467700436','73.7978619595313','2017-07-27 13:34:38'),(656,1,'18.5546467700436','73.7978619595313','2017-07-27 13:35:08'),(657,1,'18.5546467700436','73.7978619595313','2017-07-27 13:35:38'),(658,1,'18.5546467700436','73.7978619595313','2017-07-27 13:36:08'),(659,1,'18.5545943446034','73.7977799374834','2017-07-28 04:59:37'),(660,1,'18.5545943446034','73.7977799374834','2017-07-28 05:00:07'),(661,1,'18.5545943446034','73.7977799374834','2017-07-28 05:00:37'),(662,1,'18.5545943446034','73.7977799374834','2017-07-28 05:01:07'),(663,1,'18.5545943446034','73.7977799374834','2017-07-28 05:01:37'),(664,1,'18.5544992931564','73.7977453494305','2017-07-28 05:04:19'),(665,1,'18.5547356760133','73.7977024775788','2017-07-28 05:07:17'),(666,1,'18.5547356760133','73.7977024775788','2017-07-28 05:07:21'),(667,1,'18.5545939641327','73.7978102597204','2017-07-28 05:19:13'),(668,1,'18.5546311820186','73.7977387663172','2017-07-28 06:24:22'),(669,1,'18.5546094336524','73.7976735089738','2017-07-28 06:26:47'),(670,1,'18.5546094336524','73.7976735089738','2017-07-28 06:27:17'),(671,1,'18.5546094336524','73.7976735089738','2017-07-28 06:27:46'),(672,1,'18.5546094336524','73.7976735089738','2017-07-28 06:28:18'),(673,1,'18.5546094336524','73.7976735089738','2017-07-28 06:28:47'),(674,1,'18.5547341447552','73.7977256249149','2017-07-28 06:34:27'),(675,1,'18.5547341447552','73.7977256249149','2017-07-28 06:34:32'),(676,1,'18.554679935013','73.7976202964856','2017-07-28 06:51:23'),(677,1,'18.5546773841826','73.7976647922948','2017-07-28 06:53:15'),(678,1,'18.5546773841826','73.7976647922948','2017-07-28 06:53:44'),(679,1,'18.5546773841826','73.7976647922948','2017-07-28 06:54:14'),(680,1,'18.5546773841826','73.7976647922948','2017-07-28 06:54:43'),(681,1,'18.5546773841826','73.7976647922948','2017-07-28 06:55:13'),(682,1,'18.5546773841826','73.7976647922948','2017-07-28 06:55:44'),(683,1,'18.5546773841826','73.7976647922948','2017-07-28 06:56:14'),(684,1,'18.5546773841826','73.7976647922948','2017-07-28 06:56:43'),(685,1,'18.5547077980757','73.7977843751176','2017-07-28 07:35:52'),(686,1,'18.5547077980757','73.7977843751176','2017-07-28 07:36:24'),(687,1,'18.5547077980757','73.7977843751176','2017-07-28 07:37:01'),(688,1,'18.5547077980757','73.7977843751176','2017-07-28 07:37:29'),(689,1,'18.5547077980757','73.7977843751176','2017-07-28 07:37:49'),(690,1,'18.554704716808','73.7976865739246','2017-07-28 08:26:23'),(691,1,'18.554704716808','73.7976865739246','2017-07-28 08:26:50'),(692,1,'18.554704716808','73.7976865739246','2017-07-28 08:27:20'),(693,1,'18.554704716808','73.7976865739246','2017-07-28 08:27:50'),(694,1,'18.554704716808','73.7976865739246','2017-07-28 08:28:20'),(695,1,'18.554704716808','73.7976865739246','2017-07-28 08:28:50'),(696,1,'18.554704716808','73.7976865739246','2017-07-28 08:29:20'),(697,1,'18.554704716808','73.7976865739246','2017-07-28 08:29:50'),(698,1,'18.5547394063866','73.7977215854643','2017-07-28 08:42:51'),(699,1,'18.5547394063866','73.7977215854643','2017-07-28 08:43:21'),(700,1,'18.5547394063866','73.7977215854643','2017-07-28 08:43:51'),(701,1,'18.5547394063866','73.7977215854643','2017-07-28 08:44:21'),(702,1,'18.5547394063866','73.7977215854643','2017-07-28 08:44:51'),(703,1,'18.5547394063866','73.7977215854643','2017-07-28 08:45:21'),(704,1,'18.5547063081286','73.7977541598674','2017-07-28 09:33:08'),(705,1,'18.5547063081286','73.7977541598674','2017-07-28 09:33:41'),(706,1,'18.5547063081286','73.7977541598674','2017-07-28 09:34:08'),(707,1,'18.5547063081286','73.7977541598674','2017-07-28 09:34:38'),(708,1,'18.5547063081286','73.7977541598674','2017-07-28 09:35:08'),(709,1,'18.5547063081286','73.7977541598674','2017-07-28 09:35:38'),(710,1,'18.5547063081286','73.7977541598674','2017-07-28 09:36:08'),(711,1,'18.5547063081286','73.7977541598674','2017-07-28 09:36:38'),(712,1,'18.5547063081286','73.7977541598674','2017-07-28 09:37:10'),(713,1,'18.5547063081286','73.7977541598674','2017-07-28 09:37:40'),(714,1,'18.5547118516528','73.797748189203','2017-07-28 09:38:08'),(715,1,'18.5547118516528','73.797748189203','2017-07-28 09:38:40'),(716,1,'18.5547118516528','73.797748189203','2017-07-28 09:39:10'),(717,1,'18.5547118516528','73.797748189203','2017-07-28 09:39:38'),(718,1,'18.5547118516528','73.797748189203','2017-07-28 09:40:08'),(719,1,'18.5547118516528','73.797748189203','2017-07-28 09:40:40'),(720,1,'18.5547118516528','73.797748189203','2017-07-28 09:41:08'),(721,1,'18.5547118516528','73.797748189203','2017-07-28 09:41:38'),(722,1,'18.5547118516528','73.797748189203','2017-07-28 09:42:08'),(723,1,'18.5547118516528','73.797748189203','2017-07-28 09:42:40'),(724,1,'18.5547228764077','73.7977364070757','2017-07-28 09:43:08'),(725,1,'18.5547228764077','73.7977364070757','2017-07-28 09:43:38'),(726,1,'18.5547228764077','73.7977364070757','2017-07-28 09:44:09'),(727,1,'18.5547228764077','73.7977364070757','2017-07-28 09:44:38'),(728,1,'18.5547228764077','73.7977364070757','2017-07-28 09:45:08'),(729,1,'18.5547228764077','73.7977364070757','2017-07-28 09:45:38'),(730,1,'18.5547228764077','73.7977364070757','2017-07-28 09:46:08'),(731,1,'18.5547228764077','73.7977364070757','2017-07-28 09:46:38'),(732,1,'18.5547228764077','73.7977364070757','2017-07-28 09:47:10'),(733,1,'18.5547228764077','73.7977364070757','2017-07-28 09:47:38'),(734,1,'18.5546540860849','73.7978073026509','2017-07-28 09:48:10'),(735,1,'18.5546540860849','73.7978073026509','2017-07-28 09:48:42'),(736,1,'18.5546540860849','73.7978073026509','2017-07-28 09:49:08'),(737,1,'18.5546540860849','73.7978073026509','2017-07-28 09:49:38'),(738,1,'18.5546540860849','73.7978073026509','2017-07-28 09:50:10'),(739,1,'18.5546540860849','73.7978073026509','2017-07-28 09:50:38'),(740,1,'18.5546540860849','73.7978073026509','2017-07-28 09:51:08'),(741,1,'18.5546540860849','73.7978073026509','2017-07-28 09:51:40'),(742,1,'18.5546540860849','73.7978073026509','2017-07-28 09:52:08'),(743,1,'18.5546540860849','73.7978073026509','2017-07-28 09:52:38'),(744,1,'18.5546048532243','73.7978204370187','2017-07-28 09:53:08'),(745,1,'18.5546048532243','73.7978204370187','2017-07-28 09:53:40'),(746,1,'18.5546048532243','73.7978204370187','2017-07-28 09:54:08'),(747,1,'18.5546048532243','73.7978204370187','2017-07-28 09:54:38'),(748,1,'18.5546048532243','73.7978204370187','2017-07-28 09:55:08'),(749,1,'18.5546048532243','73.7978204370187','2017-07-28 09:55:38'),(750,1,'18.5546048532243','73.7978204370187','2017-07-28 09:56:08'),(751,1,'18.5546048532243','73.7978204370187','2017-07-28 09:56:38'),(752,1,'18.5546048532243','73.7978204370187','2017-07-28 09:57:10'),(753,1,'18.5546048532243','73.7978204370187','2017-07-28 09:57:38'),(754,1,'18.5546056046755','73.7978297706521','2017-07-28 09:58:08'),(755,1,'18.5546056046755','73.7978297706521','2017-07-28 09:58:38'),(756,1,'18.5546056046755','73.7978297706521','2017-07-28 09:59:08'),(757,1,'18.5546056046755','73.7978297706521','2017-07-28 09:59:40'),(758,1,'18.5546056046755','73.7978297706521','2017-07-28 10:00:08'),(759,1,'18.5546056046755','73.7978297706521','2017-07-28 10:00:38'),(760,1,'18.5546056046755','73.7978297706521','2017-07-28 10:01:08'),(761,1,'18.5546056046755','73.7978297706521','2017-07-28 10:01:38'),(762,1,'18.5546056046755','73.7978297706521','2017-07-28 10:02:10'),(763,1,'18.5546056046755','73.7978297706521','2017-07-28 10:02:40'),(764,1,'18.5545754504695','73.7978348459454','2017-07-28 10:03:08'),(765,1,'18.5545754504695','73.7978348459454','2017-07-28 10:03:40'),(766,1,'18.5545754504695','73.7978348459454','2017-07-28 10:04:08'),(767,1,'18.5545754504695','73.7978348459454','2017-07-28 10:04:38'),(768,1,'18.5545754504695','73.7978348459454','2017-07-28 10:05:08'),(769,1,'18.5545754504695','73.7978348459454','2017-07-28 10:05:38'),(770,1,'18.5545754504695','73.7978348459454','2017-07-28 10:06:08'),(771,1,'18.5545754504695','73.7978348459454','2017-07-28 10:06:38'),(772,1,'18.5545754504695','73.7978348459454','2017-07-28 10:07:10'),(773,1,'18.5545754504695','73.7978348459454','2017-07-28 10:07:39'),(774,1,'18.5546128832615','73.7977265347522','2017-07-28 10:08:11'),(775,1,'18.5546128832615','73.7977265347522','2017-07-28 10:08:38'),(776,1,'18.5546128832615','73.7977265347522','2017-07-28 10:09:08'),(777,1,'18.5546128832615','73.7977265347522','2017-07-28 10:09:38'),(778,1,'18.5546128832615','73.7977265347522','2017-07-28 10:10:08'),(779,1,'18.5546128832615','73.7977265347522','2017-07-28 10:10:38'),(780,1,'18.5546128832615','73.7977265347522','2017-07-28 10:11:08'),(781,1,'18.5546128832615','73.7977265347522','2017-07-28 10:11:38'),(782,1,'18.5546128832615','73.7977265347522','2017-07-28 10:12:08'),(783,1,'18.5546128832615','73.7977265347522','2017-07-28 10:12:38'),(784,1,'18.5546361458756','73.7976609898164','2017-07-28 10:13:08'),(785,1,'18.5546361458756','73.7976609898164','2017-07-28 10:13:38'),(786,1,'18.5546361458756','73.7976609898164','2017-07-28 10:14:08'),(787,1,'18.5546361458756','73.7976609898164','2017-07-28 10:14:40'),(788,1,'18.5546361458756','73.7976609898164','2017-07-28 10:15:08'),(789,1,'18.5546361458756','73.7976609898164','2017-07-28 10:15:38'),(790,1,'18.5546361458756','73.7976609898164','2017-07-28 10:16:09'),(791,1,'18.5547607366175','73.7979495198005','2017-07-28 10:18:02'),(792,1,'18.5547607366175','73.7979495198005','2017-07-28 10:18:36'),(793,1,'18.5547607366175','73.7979495198005','2017-07-28 10:19:02'),(794,1,'18.5547607366175','73.7979495198005','2017-07-28 10:19:32'),(795,1,'18.5547607366175','73.7979495198005','2017-07-28 10:20:02'),(796,1,'18.5547607366175','73.7979495198005','2017-07-28 10:20:32'),(797,1,'18.5547607366175','73.7979495198005','2017-07-28 10:21:02'),(798,1,'18.5547607366175','73.7979495198005','2017-07-28 10:21:32'),(799,1,'18.5547607366175','73.7979495198005','2017-07-28 10:22:02'),(800,1,'18.5547607366175','73.7979495198005','2017-07-28 10:22:32'),(801,1,'18.5547677647855','73.7978905551678','2017-07-28 10:23:02'),(802,1,'18.5547677647855','73.7978905551678','2017-07-28 10:23:32'),(803,1,'18.5547677647855','73.7978905551678','2017-07-28 10:24:02'),(804,1,'18.5547677647855','73.7978905551678','2017-07-28 10:24:32'),(805,1,'18.5547677647855','73.7978905551678','2017-07-28 10:25:03'),(806,1,'18.5547677647855','73.7978905551678','2017-07-28 10:25:33'),(807,1,'18.5547677647855','73.7978905551678','2017-07-28 10:26:02'),(808,1,'18.5547677647855','73.7978905551678','2017-07-28 10:26:32'),(809,1,'18.5547677647855','73.7978905551678','2017-07-28 10:27:03'),(810,1,'18.5547677647855','73.7978905551678','2017-07-28 10:27:32'),(811,1,'18.5545540134151','73.7975927942892','2017-07-28 12:03:14'),(812,1,'18.5545540134151','73.7975927942892','2017-07-28 12:03:44'),(813,1,'18.5546422586214','73.7975654163816','2017-07-28 12:05:22'),(814,1,'18.5544861604833','73.7978808227341','2017-07-31 06:50:02'),(815,1,'18.5544656362062','73.7978815815628','2017-07-31 06:50:32'),(816,1,'18.5545497979277','73.7979156965392','2017-07-31 06:51:02'),(817,1,'18.5545497979277','73.7979156965392','2017-07-31 06:51:32'),(818,1,'18.554582335255','73.7978852918557','2017-07-31 06:52:10'),(819,1,'18.55473502017','73.7977309603195','2017-07-31 06:59:48'),(820,1,'18.5547468937715','73.7977772453318','2017-07-31 07:01:31'),(821,1,'18.5547439793494','73.7977241821061','2017-07-31 07:03:24'),(822,1,'18.5547439793494','73.7977241821061','2017-07-31 07:04:23'),(823,1,'18.5546556532444','73.797687308338','2017-07-31 07:11:59'),(824,1,'18.5546578510095','73.7977103190706','2017-07-31 07:15:13'),(825,1,'18.5546720923582','73.7977814563889','2017-07-31 09:07:11'),(826,1,'18.5546720923582','73.7977814563889','2017-07-31 09:07:51'),(827,1,'18.5546205492921','73.7979280228531','2017-07-31 09:59:06'),(828,1,'18.5547708332213','73.7977445075078','2017-08-01 08:52:40'),(829,1,'18.5545596669236','73.797762734279','2017-08-01 12:27:45'),(830,1,'18.5546770245649','73.7977824630147','2017-08-01 12:59:49'),(831,1,'18.5546379205991','73.7976748200222','2017-08-01 13:20:45'),(832,1,'18.5545797526291','73.7976855852628','2017-08-01 13:24:04'),(833,1,'18.5545988306095','73.7977496477876','2017-08-01 13:24:25'),(834,1,'18.5545988306095','73.7977496477876','2017-08-01 13:26:25'),(835,1,'18.5545988306095','73.7977496477876','2017-08-01 13:33:22'),(836,1,'18.5547210444209','73.7977329693007','2017-08-01 13:34:25'),(837,1,'18.5547210444209','73.7977329693007','2017-08-01 13:36:25'),(838,1,'18.5546734084411','73.7977396499428','2017-08-01 13:38:25'),(839,1,'18.5546734084411','73.7977396499428','2017-08-02 05:09:14'),(840,1,'18.5546349574502','73.7977976289163','2017-08-02 06:20:20'),(841,1,'18.5546349574502','73.7977976289163','2017-08-02 06:22:20'),(842,1,'18.5546518471201','73.7977021874085','2017-08-02 06:24:20'),(843,1,'18.5546358923743','73.7978292544177','2017-08-02 06:28:20'),(844,1,'18.5547225928381','73.7977165018767','2017-08-02 06:33:48'),(845,1,'18.5547225928381','73.7977165018767','2017-08-02 06:35:48'),(846,1,'18.5547308273208','73.7977095533321','2017-08-02 06:45:38'),(847,1,'18.5546428652096','73.7977497320104','2017-08-02 08:16:48'),(848,1,'18.5546428652096','73.7977497320104','2017-08-02 08:18:48'),(849,1,'18.5546382342791','73.7978546939741','2017-08-02 08:23:54'),(850,1,'18.5546197252101','73.7977226078468','2017-08-02 08:28:31'),(851,1,'18.5546197252101','73.7977226078468','2017-08-02 08:30:31'),(852,1,'18.554645305338','73.7976651020879','2017-08-02 08:32:32'),(853,1,'18.5546685798539','73.7977687679397','2017-08-02 09:06:37'),(854,1,'18.5546685798539','73.7977687679397','2017-08-02 09:08:37'),(855,1,'18.5547661431521','73.7977974611025','2017-08-02 09:10:37'),(856,1,'18.5547661431521','73.7977974611025','2017-08-02 09:12:37'),(857,1,'18.5546439530393','73.7977004229155','2017-08-02 09:26:22'),(858,1,'18.5546632790119','73.7977860409654','2017-08-02 10:07:00'),(859,1,'18.5547454994358','73.7979207651175','2017-08-02 10:18:47'),(860,1,'18.5547454994358','73.7979207651175','2017-08-02 10:20:49'),(861,1,'18.5546898339043','73.7978470858207','2017-08-02 10:22:49'),(862,1,'18.5546898339043','73.7978470858207','2017-08-02 10:24:47'),(863,1,'18.5546898339043','73.7978470858207','2017-08-02 10:26:47'),(864,1,'18.5547078811146','73.7977861011206','2017-08-02 10:28:49'),(865,1,'18.5547078811146','73.7977861011206','2017-08-02 10:30:47'),(866,1,'18.5547162165063','73.7977603435003','2017-08-02 10:32:49'),(867,1,'18.5547162165063','73.7977603435003','2017-08-02 10:34:47'),(868,1,'18.5547162165063','73.7977603435003','2017-08-02 10:36:47'),(869,1,'18.5547204638661','73.7977436066389','2017-08-02 10:38:49'),(870,1,'18.5547204638661','73.7977436066389','2017-08-02 10:40:47'),(871,1,'18.5547158761279','73.7977496645292','2017-08-02 10:42:47'),(872,1,'18.5547158761279','73.7977496645292','2017-08-02 10:44:47'),(873,1,'18.5547158761279','73.7977496645292','2017-08-02 10:46:47'),(874,1,'18.5547180657347','73.7977459956306','2017-08-02 10:48:47'),(875,1,'18.5547180657347','73.7977459956306','2017-08-02 10:50:47'),(876,1,'18.5546992706301','73.7977657283184','2017-08-02 10:52:47'),(877,1,'18.5546824842518','73.797612863876','2017-08-02 10:58:34'),(878,1,'18.5546824842518','73.797612863876','2017-08-02 11:00:34'),(879,1,'18.5547121658524','73.7977087489776','2017-08-02 11:08:37'),(880,1,'18.5546006194457','73.7976907754543','2017-08-02 11:10:37'),(881,1,'18.5546006194457','73.7976907754543','2017-08-02 11:12:39'),(882,1,'18.5546006194457','73.7976907754543','2017-08-02 11:14:37'),(883,1,'18.5547258536655','73.7977278048446','2017-08-02 11:16:37'),(884,1,'18.5545041515679','73.7978471051392','2017-08-02 12:24:44'),(885,1,'18.5545721065481','73.797899764406','2017-08-02 13:04:14'),(886,1,'18.5546760361265','73.7975911925169','2017-08-02 13:06:07'),(887,1,'18.5546760361265','73.7975911925169','2017-08-02 13:08:07'),(888,1,'18.5546760361265','73.7975911925169','2017-08-02 13:10:07'),(889,1,'18.5546103558433','73.7977021749035','2017-08-02 13:12:07'),(890,1,'18.5546103558433','73.7977021749035','2017-08-02 13:14:07'),(891,1,'18.5547147070908','73.7978895114819','2017-08-02 13:21:00'),(892,1,'18.5546546184698','73.7976123111675','2017-08-02 13:31:03'),(893,1,'18.5546546184698','73.7976123111675','2017-08-02 13:33:04'),(894,1,'18.5547066344264','73.797751642325','2017-08-02 13:35:03'),(895,1,'18.554720603937','73.7977802387487','2017-08-02 13:41:43'),(896,1,'18.5547711015925','73.7977771105714','2017-08-03 06:11:33'),(897,1,'18.5547711015925','73.7977771105714','2017-08-03 06:54:20'),(898,1,'18.5547233452303','73.7977304326895','2017-08-03 06:55:33'),(899,19,'18.5545717784535','73.7976408335967','2017-08-03 09:32:27'),(900,19,'18.5545717784535','73.7976408335967','2017-08-03 09:49:17'),(901,19,'18.5545941685694','73.7979026264055','2017-08-03 09:51:53'),(902,1,'18.5546032362387','73.7977414147421','2017-08-03 10:39:22'),(903,1,'18.5545898872972','73.7977468293553','2017-08-03 10:51:42'),(904,1,'18.55457967572','73.7977142310971','2017-08-03 11:07:29'),(905,1,'18.55457967572','73.7977142310971','2017-08-03 11:09:29'),(906,1,'18.5546226252548','73.7978128319836','2017-08-03 11:11:29'),(907,20,'18.5546716952442','73.7976123834493','2017-08-03 11:33:37'),(908,20,'18.5546794992365','73.7975814889856','2017-08-03 11:35:37'),(909,20,'18.5546794992365','73.7975814889856','2017-08-03 11:37:37'),(910,20,'18.5547602028009','73.7976472447838','2017-08-03 12:08:07'),(911,20,'18.5547602028009','73.7976472447838','2017-08-03 12:10:07'),(912,21,'18.5546868260368','73.7975676091367','2017-08-03 12:22:52'),(913,21,'18.5546868260368','73.7975676091367','2017-08-03 12:24:52'),(914,21,'18.5546859756905','73.7975659476123','2017-08-03 12:26:52'),(915,21,'18.5546859756905','73.7975659476123','2017-08-03 12:28:52'),(916,21,'18.5546859756905','73.7975659476123','2017-08-03 12:30:52'),(917,21,'18.5546776793984','73.7975799896144','2017-08-03 12:32:52'),(918,22,'18.5546894963254','73.7974222059721','2017-08-03 13:37:56'),(919,22,'18.554752303258','73.7976447240257','2017-08-03 13:42:50'),(920,22,'18.554675781199','73.7975897791182','2017-08-03 13:44:35'),(921,22,'18.554675781199','73.7975897791182','2017-08-03 13:46:35'),(922,22,'18.5546827735251','73.7975782641076','2017-08-03 13:48:35'),(923,22,'18.5546827735251','73.7975782641076','2017-08-04 04:46:10'),(924,22,'18.5546317320696','73.7976853046607','2017-08-04 04:47:12'),(925,22,'18.5547555815192','73.7976683484696','2017-08-04 04:50:30'),(926,22,'18.5547555815192','73.7976683484696','2017-08-04 04:52:30'),(927,22,'18.5547555815192','73.7976683484696','2017-08-04 04:54:42'),(928,22,'18.5547239594589','73.79762906216','2017-08-04 04:56:30'),(929,22,'18.5547260760362','73.7977388507712','2017-08-04 05:01:25'),(930,22,'18.5546828111918','73.797590026084','2017-08-04 06:26:15'),(931,22,'18.5547597868193','73.7976604279877','2017-08-04 06:27:59'),(932,22,'18.5547597868193','73.7976604279877','2017-08-04 06:55:18'),(933,22,'18.5547236521169','73.7976941006292','2017-08-04 10:14:06'),(934,22,'18.5545569501665','73.7978060235874','2017-08-04 10:18:27'),(935,14,'18.5547124862941','73.797608403785','2017-08-04 11:08:50'),(936,14,'18.5547124862941','73.797608403785','2017-08-04 11:10:50'),(937,14,'18.5545792744326','73.7977466579619','2017-08-04 11:12:50'),(938,14,'18.5545792744326','73.7977466579619','2017-08-04 11:14:50'),(939,14,'18.5545792744326','73.7977466579619','2017-08-04 11:16:50'),(940,14,'18.5545866216241','73.7977366966119','2017-08-04 11:18:50'),(941,14,'18.5545866216241','73.7977366966119','2017-08-04 11:20:50'),(942,14,'18.5546981734748','73.7977433047549','2017-08-04 11:22:50'),(943,14,'18.5546981734748','73.7977433047549','2017-08-04 11:24:49'),(944,14,'18.5546981734748','73.7977433047549','2017-08-04 11:26:50'),(945,14,'18.5547084245312','73.7976546075262','2017-08-04 11:28:50'),(946,14,'18.5547084245312','73.7976546075262','2017-08-04 11:30:50'),(947,14,'18.5545371243168','73.7978116525023','2017-08-04 11:32:50'),(948,14,'18.5545371243168','73.7978116525023','2017-08-04 11:34:50'),(949,14,'18.5545371243168','73.7978116525023','2017-08-04 11:36:50'),(950,14,'18.554516769214','73.7978978728553','2017-08-04 11:38:49'),(951,14,'18.554516769214','73.7978978728553','2017-08-04 11:40:50'),(952,14,'18.5544969187802','73.7978355116984','2017-08-04 11:42:50'),(953,14,'18.5544969187802','73.7978355116984','2017-08-04 11:44:50'),(954,14,'18.5544969187802','73.7978355116984','2017-08-04 11:46:50'),(955,14,'18.5545298917963','73.7978072359145','2017-08-04 11:48:50'),(956,14,'18.5545298917963','73.7978072359145','2017-08-04 11:50:50'),(957,14,'18.5545338887232','73.7978822703945','2017-08-04 11:52:49'),(958,14,'18.5545338887232','73.7978822703945','2017-08-04 11:54:50'),(959,14,'18.5545338887232','73.7978822703945','2017-08-04 11:56:50'),(960,14,'18.5545613474575','73.7978344190331','2017-08-04 11:58:50'),(961,14,'18.5545613474575','73.7978344190331','2017-08-04 12:00:50'),(962,14,'18.5546204695614','73.7978218389854','2017-08-04 12:02:50'),(963,14,'18.5546204695614','73.7978218389854','2017-08-04 12:04:50'),(964,14,'18.5546204695614','73.7978218389854','2017-08-04 12:06:50'),(965,14,'18.554647793444','73.7977627576043','2017-08-04 12:08:49'),(966,14,'18.554647793444','73.7977627576043','2017-08-04 12:10:50'),(967,14,'18.5546133918162','73.7978337844058','2017-08-04 12:12:50'),(968,14,'18.5546133918162','73.7978337844058','2017-08-04 12:14:50'),(969,14,'18.5546133918162','73.7978337844058','2017-08-04 12:16:50'),(970,14,'18.5546956644954','73.7975583096869','2017-08-04 12:18:49'),(971,14,'18.5546956644954','73.7975583096869','2017-08-04 12:20:49'),(972,14,'18.5546255870673','73.7977850355847','2017-08-04 12:22:49'),(973,14,'18.5546255870673','73.7977850355847','2017-08-04 12:24:50'),(974,14,'18.5546255870673','73.7977850355847','2017-08-04 12:26:50'),(975,14,'18.5546340087627','73.7978092001531','2017-08-04 12:28:50'),(976,14,'18.5546340087627','73.7978092001531','2017-08-04 12:30:49'),(977,14,'18.5547211564101','73.7977549065988','2017-08-04 12:32:49'),(978,14,'18.5547211564101','73.7977549065988','2017-08-04 12:34:51'),(979,14,'18.5547211564101','73.7977549065988','2017-08-04 12:36:51'),(980,14,'18.5546632401171','73.7978007313537','2017-08-04 12:38:50'),(981,14,'18.5546632401171','73.7978007313537','2017-08-04 12:40:50'),(982,14,'18.5546629534987','73.7977574350134','2017-08-04 12:42:50'),(983,14,'18.5546629534987','73.7977574350134','2017-08-04 12:44:50'),(984,14,'18.5546629534987','73.7977574350134','2017-08-04 12:46:49'),(985,14,'18.5547409853878','73.7977180797288','2017-08-04 12:48:49'),(986,14,'18.5547409853878','73.7977180797288','2017-08-04 12:50:49'),(987,14,'18.5547170098277','73.7976346197745','2017-08-04 12:52:49'),(988,14,'18.5547170098277','73.7976346197745','2017-08-04 12:54:50'),(989,14,'18.5547170098277','73.7976346197745','2017-08-04 12:56:50'),(990,22,'18.5546583686401','73.7977521960215','2017-08-04 13:10:11'),(991,22,'18.5546583686401','73.7977521960215','2017-08-04 13:12:11'),(992,22,'18.5546583686401','73.7977521960215','2017-08-04 13:21:17'),(993,14,'18.5546348157395','73.7978247117272','2017-08-04 13:32:35'),(994,14,'18.554518985292','73.7977404543416','2017-08-04 13:34:35'),(995,22,'18.5546274628107','73.7976990452077','2017-08-08 08:22:46'),(996,22,'18.5548515597334','73.7974706713962','2017-08-08 08:27:51'),(997,22,'18.5546176960569','73.7977293530225','2017-08-08 08:31:22'),(998,22,'18.5545633959308','73.7977245516015','2017-08-08 08:39:47'),(999,20,'18.5545135751446','73.7977310675246','2017-08-08 08:55:38'),(1000,20,'18.5545770773267','73.7976679113882','2017-08-08 09:00:43'),(1001,20,'18.5546539676521','73.7977353805454','2017-08-08 09:12:58'),(1002,20,'18.5547585810211','73.7976602295017','2017-08-08 09:15:36'),(1003,20,'18.5548520946899','73.7974700460136','2017-08-08 09:32:34'),(1004,24,'18.5548520946899','73.7974700460136','2017-08-08 09:34:34'),(1005,25,'18.5547667697007','73.7976348778936','2017-08-08 12:02:01'),(1006,22,'18.5545867876965','73.7976827804021','2017-08-08 12:27:52'),(1007,22,'18.5545232961412','73.7977521201056','2017-08-08 12:29:52'),(1008,22,'18.554584070027','73.7976675794622','2017-08-08 12:34:01'),(1009,22,'18.554584070027','73.7976675794622','2017-08-08 12:36:01'),(1010,22,'18.5545358015844','73.7976955432048','2017-08-08 12:38:01'),(1011,28,'18.5547569565883','73.7976656506998','2017-08-08 12:48:11'),(1012,29,'18.5547569565883','73.7976656506998','2017-08-08 12:50:12'),(1013,32,'18.5546264553606','73.7975385145504','2017-08-08 12:55:28'),(1014,32,'18.5545949415434','73.7976521636218','2017-08-08 12:57:35'),(1015,22,'18.5545882042788','73.7976269907051','2017-08-08 13:11:12'),(1016,22,'18.5546421620781','73.7977638016665','2017-08-08 13:13:12'),(1017,22,'18.5546421620781','73.7977638016665','2017-08-08 13:15:12'),(1018,22,'18.5547013261505','73.7975733877228','2017-08-08 13:21:50'),(1019,22,'18.5548477429914','73.7974812791736','2017-08-08 13:25:44'),(1020,22,'18.5545124624276','73.797665788674','2017-08-08 13:30:16'),(1021,33,'18.5546062876754','73.7978942122472','2017-08-09 07:26:14'),(1022,34,'18.5547843668628','73.7977679333632','2017-08-09 10:20:37'),(1023,34,'18.5547843668628','73.7977679333632','2017-08-09 10:21:34'),(1024,35,'18.5545763094756','73.7976897364442','2017-08-09 10:26:26'),(1025,37,'18.5547624467901','73.7976452659083','2017-08-09 10:43:28'),(1026,37,'18.5547624467901','73.7976452659083','2017-08-09 10:45:45'),(1027,22,'18.5545864769219','73.79772643241','2017-08-10 04:25:40'),(1028,22,'18.5546609424078','73.7976251239209','2017-08-10 04:30:27'),(1029,22,'18.5546995551956','73.7976944200749','2017-08-10 04:35:16'),(1030,22,'18.5548023152864','73.7977590962201','2017-08-10 04:47:26'),(1031,22,'18.5548023152864','73.7977590962201','2017-08-10 04:49:26'),(1032,22,'18.5547601016076','73.7977412201503','2017-08-10 04:51:26'),(1033,22,'18.5547601016076','73.7977412201503','2017-08-10 04:53:26'),(1034,22,'18.5547601016076','73.7977412201503','2017-08-10 04:55:26'),(1035,22,'18.5547412335997','73.7977300552085','2017-08-10 04:57:26'),(1036,22,'18.5547412335997','73.7977300552085','2017-08-10 04:59:26'),(1037,22,'18.5547228602046','73.7977301769334','2017-08-10 05:01:26'),(1038,22,'18.5547228602046','73.7977301769334','2017-08-10 05:03:26'),(1039,22,'18.5547228602046','73.7977301769334','2017-08-10 05:05:26'),(1040,22,'18.5546728636762','73.7977681245937','2017-08-10 05:07:26'),(1041,22,'18.5546728636762','73.7977681245937','2017-08-10 05:09:26'),(1042,22,'18.5546560967424','73.7977415681286','2017-08-10 05:11:26'),(1043,22,'18.5546560967424','73.7977415681286','2017-08-10 05:13:26'),(1044,22,'18.5546560967424','73.7977415681286','2017-08-10 05:15:26'),(1045,22,'18.5546406779649','73.7977425766368','2017-08-10 05:17:26'),(1046,22,'18.5546406779649','73.7977425766368','2017-08-10 05:19:26'),(1047,22,'18.5546797884547','73.7977401435602','2017-08-10 05:21:26'),(1048,22,'18.5546797884547','73.7977401435602','2017-08-10 05:23:26'),(1049,22,'18.5546904692298','73.7978341984568','2017-08-10 05:42:44'),(1050,22,'18.5546904692298','73.7978341984568','2017-08-10 05:46:46'),(1051,22,'18.5547319344203','73.7978080540089','2017-08-10 05:58:13'),(1052,22,'18.5546505939271','73.7974941002854','2017-08-10 06:13:08'),(1053,22,'18.5546505939271','73.7974941002854','2017-08-10 06:15:08'),(1054,22,'18.5547109449384','73.7977179484682','2017-08-10 06:17:08'),(1055,22,'18.5547536159113','73.7977431630116','2017-08-10 06:36:06'),(1056,22,'18.5547272398119','73.7975946407841','2017-08-10 07:05:18'),(1057,22,'18.5544983431458','73.7977183987175','2017-08-10 07:09:44'),(1058,22,'18.5546832126521','73.797894464517','2017-08-10 07:12:35'),(1059,22,'18.5545962565073','73.7977412348049','2017-08-10 07:14:35'),(1060,22,'18.5547379322394','73.7979466620455','2017-08-10 07:42:00'),(1061,22,'18.5545365563168','73.7979834910848','2017-08-10 08:21:25'),(1062,22,'18.554649068802','73.7978172337964','2017-08-10 08:34:28'),(1063,22,'18.5545222567815','73.7978708668853','2017-08-10 09:08:17'),(1064,22,'18.5545222567815','73.7978708668853','2017-08-10 09:14:08'),(1065,22,'18.5545954213182','73.7977574967535','2017-08-10 09:17:01'),(1066,22,'18.5545741890096','73.7980107460352','2017-08-10 09:30:59'),(1067,22,'18.5545741890096','73.7980107460352','2017-08-10 09:52:32'),(1068,22,'18.554402064702','73.7978857970763','2017-08-10 09:55:28'),(1069,22,'18.5545736470934','73.7977553374805','2017-08-10 10:11:17'),(1070,22,'18.5545736470934','73.7977553374805','2017-08-10 10:13:17'),(1071,22,'18.5544698299672','73.7977626326689','2017-08-10 10:15:17'),(1072,22,'18.5544698299672','73.7977626326689','2017-08-10 10:17:17'),(1073,22,'18.5544698299672','73.7977626326689','2017-08-10 10:19:18'),(1074,22,'18.5545197420577','73.7977972505773','2017-08-10 10:25:14'),(1075,22,'18.5546978055478','73.7979130088154','2017-08-10 10:25:35'),(1076,22,'18.554526548415','73.7978045315672','2017-08-10 10:42:30'),(1077,22,'18.5545017198327','73.7979481419086','2017-08-10 10:47:09'),(1078,22,'18.5545017198327','73.7979481419086','2017-08-10 10:49:10'),(1079,22,'18.554505406922','73.7978460514822','2017-08-10 10:57:23'),(1080,22,'18.5546752819968','73.7979146607788','2017-08-10 11:03:23'),(1081,22,'18.5546752819968','73.7979146607788','2017-08-10 11:05:23'),(1082,22,'18.5544523135468','73.7977950663363','2017-08-10 11:07:23'),(1083,22,'18.5544523135468','73.7977950663363','2017-08-10 11:09:23'),(1084,22,'18.5544523135468','73.7977950663363','2017-08-10 11:11:23'),(1085,22,'18.5546134781724','73.7978200438534','2017-08-10 11:13:23'),(1086,22,'18.5546134781724','73.7978200438534','2017-08-10 11:15:23'),(1087,22,'18.5546141920819','73.7977553893572','2017-08-10 11:47:24'),(1088,22,'18.5546141920819','73.7977553893572','2017-08-10 11:49:24'),(1089,22,'18.5546190329603','73.7978826957609','2017-08-10 11:51:24'),(1090,22,'18.5545056338247','73.7979327306651','2017-08-10 11:59:05'),(1091,22,'18.5546494903066','73.7978181358122','2017-08-10 12:12:28'),(1092,22,'18.5546504995947','73.7978189317213','2017-08-10 12:19:27'),(1093,22,'18.55457943959','73.7978701549252','2017-08-10 12:22:35'),(1094,22,'18.55457943959','73.7978701549252','2017-08-10 12:24:36'),(1095,22,'18.5546267189246','73.7978454715551','2017-08-10 12:26:35'),(1096,22,'18.5546267189246','73.7978454715551','2017-08-10 12:28:35'),(1097,22,'18.5546267189246','73.7978454715551','2017-08-10 12:30:35'),(1098,22,'18.5546466979145','73.7978357889128','2017-08-10 12:32:45'),(1099,22,'18.554491317513','73.7979277855215','2017-08-10 12:38:02'),(1100,22,'18.554491317513','73.7979277855215','2017-08-10 12:40:02'),(1101,22,'18.5544996067834','73.7979236244881','2017-08-10 12:42:03'),(1102,22,'18.5544996067834','73.7979236244881','2017-08-10 12:44:02'),(1103,22,'18.5544996067834','73.7979236244881','2017-08-10 12:46:01'),(1104,22,'18.5545687143347','73.7978780783284','2017-08-10 12:48:02'),(1105,22,'18.5545687143347','73.7978780783284','2017-08-10 12:50:01'),(1106,22,'18.5546486864757','73.7978373480255','2017-08-10 12:52:02'),(1107,22,'18.5546486864757','73.7978373480255','2017-08-10 12:54:02'),(1108,22,'18.554602532795','73.7978709949213','2017-08-10 12:58:18'),(1109,22,'18.554602532795','73.7978709949213','2017-08-10 13:00:19'),(1110,1,'18.5545648064599','73.7978980762027','2017-08-11 03:53:49'),(1111,1,'18.5546092130029','73.7978728360238','2017-08-11 03:58:07'),(1112,1,'18.5546092130029','73.7978728360238','2017-08-11 03:59:20'),(1113,38,'18.5546046918902','73.7978600687296','2017-08-11 04:23:29'),(1114,38,'18.5545782214585','73.7976276880378','2017-08-11 04:28:57'),(1115,38,'18.5546029493485','73.7976436815079','2017-08-11 04:30:57'),(1116,1,'18.5546029493485','73.7976436815079','2017-08-11 04:32:56'),(1117,1,'18.5545976342111','73.7976658836184','2017-08-11 04:34:56'),(1118,14,'18.5543962602699','73.7976963049492','2017-08-11 04:40:06'),(1119,14,'18.5543962602699','73.7976963049492','2017-08-11 04:42:06'),(1120,14,'18.5543962602699','73.7976963049492','2017-08-11 04:44:06'),(1121,14,'18.554662908347','73.7978261868236','2017-08-11 04:46:08'),(1122,38,'18.5547809985086','73.797773697089','2017-08-11 04:46:14'),(1123,14,'18.554662908347','73.7978261868236','2017-08-11 04:48:06'),(1124,38,'18.5547809985086','73.797773697089','2017-08-11 04:48:14'),(1125,14,'18.5544810114505','73.7979402675073','2017-08-11 04:50:06'),(1126,14,'18.5544810114505','73.7979402675073','2017-08-11 04:52:07'),(1127,39,'18.5545641630717','73.7976491116741','2017-08-11 04:52:19'),(1128,14,'18.5544810114505','73.7979402675073','2017-08-11 04:54:07'),(1129,1,'18.5546011024969','73.7977075818517','2017-08-11 04:54:47'),(1130,39,'18.5545798303962','73.7976827367098','2017-08-11 04:58:47'),(1131,39,'18.5545798303962','73.7976827367098','2017-08-11 05:00:46'),(1132,40,'18.5545798303962','73.7976827367098','2017-08-11 05:02:46'),(1133,40,'18.5546704110982','73.7975995250394','2017-08-11 05:04:46'),(1134,40,'18.5546704110982','73.7975995250394','2017-08-11 05:06:46'),(1135,14,'18.5544442446298','73.7979163590275','2017-08-11 05:09:58'),(1136,14,'18.5544442446298','73.7979163590275','2017-08-11 05:11:58'),(1137,14,'18.554490190099','73.7979430836641','2017-08-11 05:13:58'),(1138,40,'18.55468297541','73.7976701639034','2017-08-11 05:15:29'),(1139,14,'18.5543112335659','73.7978447103824','2017-08-11 05:19:23'),(1140,14,'18.5543112335659','73.7978447103824','2017-08-11 05:21:22'),(1141,40,'18.5547538258192','73.7976709444447','2017-08-11 05:24:33'),(1142,14,'18.5546492805072','73.7978358624416','2017-08-11 05:32:59'),(1143,14,'18.5546492805072','73.7978358624416','2017-08-11 05:35:00'),(1144,14,'18.5543873562692','73.7979461329525','2017-08-11 05:36:59'),(1145,40,'18.554690072842','73.7976623322579','2017-08-11 05:37:05'),(1146,40,'18.5546815779977','73.797618235598','2017-08-11 05:38:02'),(1147,40,'18.5546815779977','73.797618235598','2017-08-11 05:42:18'),(1148,40,'18.5545168011777','73.7978536814274','2017-08-11 05:44:50'),(1149,40,'18.5545168011777','73.7978536814274','2017-08-11 05:46:50'),(1150,40,'18.5545625653251','73.7976992191922','2017-08-11 05:49:27'),(1151,40,'18.5545625653251','73.7976992191922','2017-08-11 05:51:27'),(1152,40,'18.5545739844936','73.7976808461107','2017-08-11 05:53:27'),(1153,40,'18.5545739844936','73.7976808461107','2017-08-11 05:55:26'),(1154,40,'18.5545739844936','73.7976808461107','2017-08-11 05:57:27'),(1155,40,'18.5546115738285','73.7975358771316','2017-08-11 06:00:40'),(1156,40,'18.5546115738285','73.7975358771316','2017-08-11 06:02:40'),(1157,40,'18.5545946368751','73.7976176128974','2017-08-11 06:04:40'),(1158,40,'18.5545946368751','73.7976176128974','2017-08-11 06:06:40'),(1159,40,'18.5545946368751','73.7976176128974','2017-08-11 06:08:40'),(1160,1,'18.554488492632','73.7979087002572','2017-08-11 06:10:01'),(1161,1,'18.5545628904431','73.7976690054225','2017-08-11 07:03:51'),(1162,1,'18.5545628904431','73.7976690054225','2017-08-11 07:05:52'),(1163,39,'18.5544842233272','73.7979352374833','2017-08-11 07:16:24'),(1164,1,'18.5545058494078','73.7979225268448','2017-08-11 07:23:43'),(1165,1,'18.5544875871992','73.7977658105229','2017-08-11 07:31:40'),(1166,1,'18.5544521017138','73.7977758155623','2017-08-11 07:42:29'),(1167,1,'18.5544521017138','73.7977758155623','2017-08-11 07:44:30'),(1168,1,'18.5544116371478','73.79787790314','2017-08-11 07:46:29'),(1169,1,'18.5544116371478','73.79787790314','2017-08-11 07:48:30'),(1170,1,'18.5544155194867','73.7978815917132','2017-08-11 07:50:29'),(1171,1,'18.5544155194867','73.7978815917132','2017-08-11 07:52:29'),(1172,1,'18.5544155194867','73.7978815917132','2017-08-11 07:54:29'),(1173,1,'18.5544397280283','73.7977994393227','2017-08-11 07:56:29'),(1174,41,'18.5545301966182','73.7978838972308','2017-08-11 08:04:26'),(1175,41,'18.5544592135207','73.7977794012809','2017-08-11 08:06:27'),(1176,41,'18.5544592135207','73.7977794012809','2017-08-11 08:08:31'),(1177,41,'18.5544592135207','73.7977794012809','2017-08-11 08:10:26'),(1178,41,'18.5546115292449','73.797817334754','2017-08-11 08:12:26'),(1179,41,'18.5546115292449','73.797817334754','2017-08-11 08:14:26'),(1180,41,'18.5544400673501','73.7978663153966','2017-08-11 08:16:26'),(1181,41,'18.5544400673501','73.7978663153966','2017-08-11 08:18:26'),(1182,14,'18.5544272245048','73.7979223530568','2017-08-11 09:00:20'),(1183,1,'18.554664291423','73.7978272050405','2017-08-11 09:15:05'),(1184,1,'18.5546765589822','73.797659373678','2017-08-11 09:19:38'),(1185,24,'18.5546496187125','73.7976258372911','2017-08-11 09:45:11'),(1186,24,'18.5546800043544','73.7975461002994','2017-08-11 09:55:18'),(1187,24,'18.5545294983111','73.7974819878821','2017-08-11 09:59:27'),(1188,24,'18.5545294983111','73.7974819878821','2017-08-11 10:01:27'),(1189,24,'18.5546693995239','73.7975834420608','2017-08-11 10:05:12'),(1190,24,'18.5546728376353','73.7975717771162','2017-08-11 10:06:21'),(1191,24,'18.554635578506','73.79774928706','2017-08-11 10:07:27'),(1192,24,'18.5546414508281','73.7977476234518','2017-08-11 10:14:21'),(1193,24,'18.5546744784387','73.7975820353646','2017-08-11 10:25:23'),(1194,24,'18.5545914741413','73.797677192169','2017-08-11 10:26:57'),(1195,24,'18.5546244094881','73.7977269116127','2017-08-11 10:32:53'),(1196,24,'18.5546244094881','73.7977269116127','2017-08-11 10:34:53'),(1197,24,'18.5546244094881','73.7977269116127','2017-08-11 10:36:53'),(1198,24,'18.5546073378912','73.7977071758157','2017-08-11 10:40:53'),(1199,24,'18.5545835109734','73.7976800250841','2017-08-11 10:42:52'),(1200,24,'18.5545835109734','73.7976800250841','2017-08-11 10:44:53'),(1201,24,'18.5546770073134','73.7974182486801','2017-08-11 10:48:23'),(1202,24,'18.5546770073134','73.7974182486801','2017-08-11 10:50:23'),(1203,24,'18.5546770073134','73.7974182486801','2017-08-11 10:52:23'),(1204,24,'18.5546049780994','73.7976279385513','2017-08-11 10:54:23'),(1205,24,'18.5546049780994','73.7976279385513','2017-08-11 10:56:25'),(1206,24,'18.5546589222238','73.7976270199527','2017-08-11 10:58:27'),(1207,24,'18.5546078473753','73.7976881429541','2017-08-11 11:02:48'),(1208,14,'18.5545529258788','73.7977559257354','2017-08-11 11:03:34'),(1209,24,'18.5545873674337','73.7976840484797','2017-08-11 11:04:55'),(1210,14,'18.5545529258788','73.7977559257354','2017-08-11 11:04:59'),(1211,24,'18.5545873674337','73.7976840484797','2017-08-11 11:06:55'),(1212,14,'18.5545227705542','73.7978432738299','2017-08-11 11:06:59'),(1213,24,'18.5545840091229','73.7976788768713','2017-08-11 11:08:55'),(1214,14,'18.5545227705542','73.7978432738299','2017-08-11 11:08:58'),(1215,14,'18.5545227705542','73.7978432738299','2017-08-11 11:10:58'),(1216,24,'18.554584887573','73.7976509757941','2017-08-11 11:11:38'),(1217,14,'18.5547002142463','73.7976993493718','2017-08-11 11:13:00'),(1218,24,'18.554584887573','73.7976509757941','2017-08-11 11:13:38'),(1219,14,'18.5547002142463','73.7976993493718','2017-08-11 11:15:01'),(1220,24,'18.5546040520099','73.7976867208809','2017-08-11 11:16:18'),(1221,14,'18.5546645438415','73.797825652315','2017-08-11 11:16:58'),(1222,24,'18.5546040520099','73.7976867208809','2017-08-11 11:18:19'),(1223,14,'18.5546645438415','73.797825652315','2017-08-11 11:19:16'),(1224,24,'18.5547097922675','73.7976704615901','2017-08-11 11:20:19'),(1225,14,'18.5546645438415','73.797825652315','2017-08-11 11:21:20'),(1226,24,'18.5547097922675','73.7976704615901','2017-08-11 11:22:19'),(1227,24,'18.5547097922675','73.7976704615901','2017-08-11 11:24:19'),(1228,24,'18.554619594406','73.7976749814868','2017-08-11 11:26:19'),(1229,24,'18.554619594406','73.7976749814868','2017-08-11 11:29:08'),(1230,24,'18.5546828279505','73.797475841671','2017-08-11 11:30:28'),(1231,24,'18.5545927644991','73.7976565186599','2017-08-11 11:35:32'),(1232,24,'18.5545927644991','73.7976565186599','2017-08-11 11:37:32'),(1233,24,'18.5545927644991','73.7976565186599','2017-08-11 11:39:32'),(1234,24,'18.5545503445032','73.7976660299697','2017-08-11 11:41:32'),(1235,24,'18.5545503445032','73.7976660299697','2017-08-11 11:43:32'),(1236,24,'18.5545854948826','73.7977691406559','2017-08-11 11:45:32'),(1237,24,'18.5545854948826','73.7977691406559','2017-08-11 11:47:32'),(1238,24,'18.5545854948826','73.7977691406559','2017-08-11 11:49:32'),(1239,24,'18.5545992013273','73.797678766381','2017-08-11 11:51:32'),(1240,24,'18.5545992013273','73.797678766381','2017-08-11 11:53:32'),(1241,24,'18.554710736701','73.797656046324','2017-08-11 11:55:33'),(1242,24,'18.5546660645899','73.7975654510165','2017-08-11 11:59:45'),(1243,24,'18.5546660645899','73.7975654510165','2017-08-11 12:01:45'),(1244,24,'18.5546660645899','73.7975654510165','2017-08-11 12:03:45'),(1245,24,'18.5546396618444','73.797549982948','2017-08-11 12:08:10'),(1246,24,'18.5546601579737','73.7975729795677','2017-08-11 12:10:10'),(1247,14,'18.5545096611574','73.7978536344558','2017-08-11 12:12:06'),(1248,14,'18.5545096611574','73.7978536344558','2017-08-11 12:14:11'),(1249,24,'18.5546234916166','73.7974965514694','2017-08-11 12:16:16'),(1250,24,'18.5546234916166','73.7974965514694','2017-08-11 12:18:16'),(1251,14,'18.5546634407872','73.7978271334164','2017-08-11 12:18:30'),(1252,14,'18.5546634407872','73.7978271334164','2017-08-11 12:20:38'),(1253,14,'18.5544732841464','73.7979454275223','2017-08-11 12:26:13'),(1254,14,'18.5544732841464','73.7979454275223','2017-08-11 12:28:17'),(1255,14,'18.5544374973058','73.7978714418683','2017-08-11 12:30:13'),(1256,1,'18.5545597810863','73.7976702841859','2017-08-14 09:36:03'),(1257,1,'18.5545597810863','73.7976702841859','2017-08-14 09:38:12'),(1258,1,'18.5547378549534','73.797776986035','2017-08-14 09:39:57'),(1259,1,'18.5544440511861','73.7979458975993','2017-08-14 09:48:21'),(1260,1,'18.5543907968336','73.797860447885','2017-08-14 09:52:45'),(1261,1,'18.5543907968336','73.797860447885','2017-08-14 09:54:45'),(1262,1,'18.5545541545121','73.7976694550801','2017-08-14 09:56:45'),(1263,1,'18.5545541545121','73.7976694550801','2017-08-14 09:58:45'),(1264,1,'18.5545541545121','73.7976694550801','2017-08-14 10:00:45'),(1265,1,'18.554551151523','73.7976587165568','2017-08-14 10:13:46'),(1266,1,'18.554551151523','73.7976587165568','2017-08-14 10:15:46'),(1267,1,'18.5546694583464','73.797834796366','2017-08-14 10:18:03'),(1268,1,'18.5543348989976','73.7979224142137','2017-08-14 10:19:46'),(1269,1,'18.5543348989976','73.7979224142137','2017-08-14 10:21:46'),(1270,1,'18.5544078281426','73.7978212429475','2017-08-14 10:23:47'),(1271,1,'18.5544078281426','73.7978212429475','2017-08-14 10:25:46'),(1272,1,'18.5545326024614','73.7978265233399','2017-08-14 10:42:37'),(1273,1,'18.5546540115801','73.7978364464728','2017-08-14 10:48:26'),(1274,1,'18.5546772487564','73.7978655203879','2017-08-14 10:55:41'),(1275,1,'18.5545497243246','73.7976551739814','2017-08-14 10:59:50'),(1276,1,'18.554740162146','73.79794085601','2017-08-14 11:09:49'),(1277,1,'18.5545543706444','73.7979618182924','2017-08-14 11:15:52'),(1278,1,'18.5545543706444','73.7979618182924','2017-08-14 11:17:52'),(1279,1,'18.5547474684379','73.7979509136078','2017-08-14 11:27:08'),(1280,1,'18.5547474684379','73.7979509136078','2017-08-14 11:29:10'),(1281,1,'18.5545491541593','73.7976543439645','2017-08-14 11:31:08'),(1282,1,'18.5544609284031','73.7977809717718','2017-08-14 11:36:28'),(1283,1,'18.5544609284031','73.7977809717718','2017-08-14 11:38:28'),(1284,1,'18.5545728779005','73.7976902510307','2017-08-14 11:46:20'),(1285,1,'18.5545728779005','73.7976902510307','2017-08-14 12:19:27'),(1286,1,'18.5546660852351','73.7978297421906','2017-08-14 12:20:20'),(1287,1,'18.5544958304193','73.797954430283','2017-08-14 12:23:04'),(1288,1,'18.5544958304193','73.797954430283','2017-08-14 12:25:03'),(1289,1,'18.5545532174018','73.7976654852584','2017-08-14 12:27:04'),(1290,1,'18.5546515004791','73.7978086048956','2017-08-14 12:31:39'),(1291,1,'18.5545642503407','73.7976769881495','2017-08-14 12:39:27'),(1292,1,'18.5545642503407','73.7976769881495','2017-08-14 12:41:26'),(1293,1,'18.5546663003204','73.7978300632716','2017-08-14 12:46:21'),(1294,1,'18.5546663003204','73.7978300632716','2017-08-14 12:48:21'),(1295,1,'18.5545754225112','73.7976855425998','2017-08-16 04:54:14'),(1296,1,'18.5545754225112','73.7976855425998','2017-08-16 04:56:13'),(1297,1,'18.5546670489734','73.7978311868287','2017-08-16 04:58:14'),(1298,1,'18.5546670489734','73.7978311868287','2017-08-16 05:00:13'),(1299,1,'18.5546670489734','73.7978311868287','2017-08-16 05:02:13'),(1300,1,'18.5546681017194','73.7978327653074','2017-08-16 05:04:13'),(1301,1,'18.5546681017194','73.7978327653074','2017-08-16 05:06:13'),(1302,1,'18.5546667405296','73.7978307235854','2017-08-16 05:08:13'),(1303,1,'18.5546667405296','73.7978307235854','2017-08-16 05:10:13'),(1304,1,'18.5546667405296','73.7978307235854','2017-08-16 05:12:13'),(1305,1,'18.5546651310387','73.797828309349','2017-08-16 05:14:13'),(1306,1,'18.5546651310387','73.797828309349','2017-08-16 05:16:13'),(1307,1,'18.5545299425027','73.797847048375','2017-08-16 05:18:21'),(1308,1,'18.5545585512102','73.7976684405707','2017-08-16 05:25:10'),(1309,1,'18.5545577231272','73.7976671974841','2017-08-16 05:41:29'),(1310,1,'18.5545577231272','73.7976671974841','2017-08-16 05:43:29'),(1311,1,'18.5546590044284','73.7978191194328','2017-08-16 05:48:12'),(1312,1,'18.554738724994','73.7979419718598','2017-08-16 06:01:58'),(1313,1,'18.554738724994','73.7979419718598','2017-08-16 06:03:58'),(1314,1,'18.5545831432985','73.7979236273305','2017-08-16 06:05:58'),(1315,1,'18.5545831432985','73.7979236273305','2017-08-16 06:07:58'),(1316,1,'18.5545831432985','73.7979236273305','2017-08-16 06:09:59'),(1317,1,'18.5544203367039','73.7976821662756','2017-08-16 06:12:02'),(1318,1,'18.5544203367039','73.7976821662756','2017-08-16 06:13:58'),(1319,1,'18.5544311203122','73.7976887337572','2017-08-16 06:22:50'),(1320,1,'18.5546408563016','73.7977918882522','2017-08-16 06:29:19'),(1321,1,'18.5545562205211','73.797664943573','2017-08-16 06:37:36'),(1322,1,'18.5545562205211','73.797664943573','2017-08-16 06:39:33'),(1323,1,'18.5546671866435','73.7978313927562','2017-08-16 06:41:34'),(1324,1,'18.5546671866435','73.7978313927562','2017-08-16 06:43:38'),(1325,1,'18.5546671866435','73.7978313927562','2017-08-16 06:45:35'),(1326,1,'18.5545544949741','73.7976623552522','2017-08-16 06:47:34'),(1327,1,'18.5545544949741','73.7976623552522','2017-08-16 06:49:33'),(1328,1,'18.5545494140237','73.7976547338265','2017-08-16 06:51:34'),(1329,1,'18.5545494140237','73.7976547338265','2017-08-16 06:53:34'),(1330,1,'18.5545494140237','73.7976547338265','2017-08-16 06:55:34'),(1331,1,'18.5546620472125','73.7978236836097','2017-08-16 06:57:33'),(1332,1,'18.5546620472125','73.7978236836097','2017-08-16 06:59:34'),(1333,1,'18.5545466816521','73.7976506352692','2017-08-16 07:01:33'),(1334,1,'18.5545466816521','73.7976506352692','2017-08-16 07:03:33'),(1335,1,'18.5545466816521','73.7976506352692','2017-08-16 07:05:33'),(1336,1,'18.5547414241893','73.797942749075','2017-08-16 07:07:33'),(1337,1,'18.5547414241893','73.797942749075','2017-08-16 07:09:34'),(1338,1,'18.5546109041048','73.7977013612069','2017-08-16 07:11:33'),(1339,1,'18.5545828803831','73.7977049257185','2017-08-16 07:31:02'),(1340,1,'18.5545828803831','73.7977049257185','2017-08-16 07:33:03'),(1341,1,'18.5544386305292','73.7977631571835','2017-08-16 07:35:02'),(1342,1,'18.554669026009','73.7979017422617','2017-08-16 07:40:29'),(1343,1,'18.554669026009','73.7979017422617','2017-08-16 07:42:29'),(1344,1,'18.554486388325','73.7977534679377','2017-08-16 07:44:29'),(1345,1,'18.554486388325','73.7977534679377','2017-08-16 07:46:30'),(1346,1,'18.554486388325','73.7977534679377','2017-08-16 07:48:29'),(1347,1,'18.5545142090497','73.7978540312027','2017-08-16 07:50:29'),(1348,1,'18.5545142090497','73.7978540312027','2017-08-16 07:52:29'),(1349,1,'18.5546306376999','73.7977918438344','2017-08-16 07:54:30'),(1350,1,'18.5546306376999','73.7977918438344','2017-08-16 07:56:29'),(1351,1,'18.5546306376999','73.7977918438344','2017-08-16 07:58:29'),(1352,1,'18.5545720631976','73.7978733617291','2017-08-16 08:00:30'),(1353,1,'18.5545720631976','73.7978733617291','2017-08-16 08:02:29'),(1354,1,'18.5544728443034','73.797914557887','2017-08-16 08:04:29'),(1355,1,'18.5544728443034','73.797914557887','2017-08-16 08:06:29'),(1356,1,'18.5546784391101','73.7979404954507','2017-08-16 08:10:27'),(1357,1,'18.5546784391101','73.7979404954507','2017-08-16 08:12:27'),(1358,1,'18.5547376063001','73.797689407151','2017-08-16 08:31:30'),(1359,1,'18.5547376063001','73.797689407151','2017-08-16 08:33:34'),(1360,1,'18.5548019810527','73.797707125792','2017-08-16 08:42:11'),(1361,1,'18.5546511908079','73.7977228248598','2017-08-16 08:51:31'),(1362,1,'18.5546511908079','73.7977228248598','2017-08-16 08:53:31'),(1363,1,'18.55471026706','73.7977278008496','2017-08-16 08:55:33'),(1364,1,'18.55471026706','73.7977278008496','2017-08-16 08:57:31'),(1365,1,'18.55471026706','73.7977278008496','2017-08-16 08:59:31'),(1366,1,'18.5546938571812','73.7976664564944','2017-08-16 09:01:32'),(1367,1,'18.5546938571812','73.7976664564944','2017-08-16 09:03:31'),(1368,1,'18.5546445062663','73.7976461426856','2017-08-16 09:05:31'),(1369,1,'18.5546445062663','73.7976461426856','2017-08-16 09:07:31'),(1370,1,'18.5546445062663','73.7976461426856','2017-08-16 09:09:31'),(1371,1,'18.554724786747','73.797661620806','2017-08-16 09:11:31'),(1372,1,'18.554724786747','73.797661620806','2017-08-16 09:13:31'),(1373,1,'18.5546120611946','73.7978219847737','2017-08-16 09:15:31'),(1374,1,'18.5546120611946','73.7978219847737','2017-08-16 09:17:31'),(1375,1,'18.5546120611946','73.7978219847737','2017-08-16 09:19:31'),(1376,1,'18.554739793581','73.7976897759935','2017-08-16 09:27:36'),(1377,1,'18.5547049496647','73.7974676007781','2017-08-16 09:32:11'),(1378,1,'18.5547049496647','73.7974676007781','2017-08-16 09:36:22'),(1379,1,'18.5547433466979','73.7976589837729','2017-08-16 09:40:22'),(1380,1,'18.5545504657019','73.7977799853875','2017-08-16 09:52:57'),(1381,1,'18.554645891341','73.7975889250065','2017-08-16 09:55:47'),(1382,1,'18.554645891341','73.7975889250065','2017-08-16 09:57:47'),(1383,1,'18.5546053649874','73.7976603072805','2017-08-16 09:59:47'),(1384,24,'18.5547673001953','73.7976463331122','2017-08-16 10:09:49'),(1385,24,'18.5547673001953','73.7976463331122','2017-08-16 10:11:52'),(1386,24,'18.5546860140375','73.7975922597017','2017-08-16 10:13:49'),(1387,24,'18.5546498950619','73.797689556478','2017-08-16 10:15:49'),(1388,24,'18.5546939022572','73.797682799566','2017-08-16 10:17:49'),(1389,24,'18.5546939022572','73.797682799566','2017-08-16 10:19:49'),(1390,24,'18.5545774381664','73.797694370269','2017-08-16 10:21:49'),(1391,24,'18.5545866037865','73.7977111586745','2017-08-16 10:27:27'),(1392,24,'18.554692123395','73.7976761748508','2017-08-16 10:27:52'),(1393,24,'18.554692123395','73.7976761748508','2017-08-16 10:29:51'),(1394,24,'18.554692123395','73.7976761748508','2017-08-16 10:31:51'),(1395,24,'18.5546858861676','73.7976378731185','2017-08-16 10:33:52'),(1396,24,'18.5546858861676','73.7976378731185','2017-08-16 10:35:51'),(1397,24,'18.5546798795437','73.797619528752','2017-08-16 10:37:51'),(1398,24,'18.5546561843252','73.7977251616974','2017-08-16 10:39:51'),(1399,24,'18.5546561843252','73.7977251616974','2017-08-16 10:42:54'),(1400,24,'18.5547040710603','73.7975781660305','2017-08-16 10:43:51'),(1401,24,'18.5547193252959','73.7977129093232','2017-08-16 10:51:40'),(1402,24,'18.5546942764076','73.7976744188291','2017-08-16 10:54:47'),(1403,24,'18.5546902831788','73.7976018021662','2017-08-16 10:57:34'),(1404,24,'18.5546902831788','73.7976018021662','2017-08-16 11:00:46'),(1405,24,'18.5546492070945','73.7976444504079','2017-08-16 11:01:34'),(1406,24,'18.5547356628524','73.7976595756203','2017-08-16 11:03:34'),(1407,24,'18.5547356628524','73.7976595756203','2017-08-16 11:05:34'),(1408,24,'18.5547356628524','73.7976595756203','2017-08-16 11:07:34'),(1409,24,'18.5545666987303','73.7977184435515','2017-08-16 11:09:34'),(1410,24,'18.5545666987303','73.7977184435515','2017-08-16 11:11:34'),(1411,24,'18.5546655544857','73.7976069314818','2017-08-16 11:13:34'),(1412,24,'18.5547224351032','73.79763562111','2017-08-16 11:15:34'),(1413,24,'18.5547281691699','73.7976285962477','2017-08-16 11:17:34'),(1414,24,'18.5547281691699','73.7976285962477','2017-08-16 11:19:34'),(1415,24,'18.5547281691699','73.7976285962477','2017-08-16 11:21:34'),(1416,24,'18.5546957868399','73.7976039190851','2017-08-16 11:23:34'),(1417,24,'18.5546957868399','73.7976039190851','2017-08-16 11:25:34'),(1418,24,'18.5545736187766','73.7977073367457','2017-08-16 11:28:58'),(1419,24,'18.5545576654774','73.797727264096','2017-08-16 11:30:58'),(1420,24,'18.5547735310692','73.7977926520729','2017-08-16 11:33:24'),(1421,24,'18.5547735310692','73.7977926520729','2017-08-16 11:35:24'),(1422,24,'18.5547183617126','73.7977330561754','2017-08-16 11:37:24'),(1423,24,'18.5547183617126','73.7977330561754','2017-08-16 11:39:24'),(1424,24,'18.5547183617126','73.7977330561754','2017-08-16 11:41:24'),(1425,24,'18.5546208068459','73.7978053030388','2017-08-16 11:43:24'),(1426,24,'18.5546208068459','73.7978053030388','2017-08-16 11:45:24'),(1427,24,'18.5547217236206','73.797673439181','2017-08-16 11:50:22'),(1428,24,'18.5546902657477','73.7975485687347','2017-08-16 11:52:48'),(1429,24,'18.5546902657477','73.7975485687347','2017-08-16 11:55:02'),(1430,24,'18.5545653955975','73.7977162409714','2017-08-16 12:02:24'),(1431,24,'18.5545743678474','73.7977254458225','2017-08-16 12:02:48'),(1432,24,'18.5546513800282','73.7977112650193','2017-08-16 12:06:00'),(1433,24,'18.5545941350878','73.7977237345008','2017-08-16 12:08:29'),(1434,24,'18.554580601129','73.7977281543001','2017-08-16 12:16:14'),(1435,24,'18.5547315187801','73.7975868188147','2017-08-16 12:19:57'),(1436,24,'18.5546666263764','73.7977388680749','2017-08-16 12:21:30'),(1437,24,'18.5546666263764','73.7977388680749','2017-08-16 12:23:30'),(1438,24,'18.5546666263764','73.7977388680749','2017-08-16 12:28:54'),(1439,24,'18.5545658792013','73.7977258826524','2017-08-16 12:29:30'),(1440,24,'18.5545658792013','73.7977258826524','2017-08-16 12:33:45'),(1441,1,'18.5545845263969','73.7977096593168','2017-08-16 12:35:30'),(1442,1,'18.5546957867654','73.7975692941507','2017-08-16 12:40:36'),(1443,1,'18.5547307186021','73.7975486564852','2017-08-16 12:43:21'),(1444,1,'18.5545516874267','73.7977199586466','2017-08-16 12:52:16'),(1445,1,'18.5546824213938','73.7975872985401','2017-08-16 12:53:38'),(1446,1,'18.5546824213938','73.7975872985401','2017-08-16 12:57:53'),(1447,1,'18.5547432637362','73.7975989081826','2017-08-16 13:25:45'),(1448,1,'18.5547258148219','73.7977119863081','2017-08-16 13:28:48'),(1449,1,'18.554702185027','73.7976134096251','2017-08-16 13:35:15'),(1450,1,'18.554702185027','73.7976134096251','2017-08-16 13:35:43'),(1451,1,'18.5547228301626','73.7977172177676','2017-08-16 13:37:43'),(1452,1,'18.5547228301626','73.7977172177676','2017-08-16 13:39:43'),(1453,1,'18.5547453251942','73.7976380409568','2017-08-16 13:51:59'),(1454,1,'18.5546898703688','73.7976945348733','2017-08-16 14:07:42'),(1455,1,'18.5547009717997','73.7976620975339','2017-08-16 14:15:41'),(1456,1,'18.5547009717997','73.7976620975339','2017-08-16 14:17:41'),(1457,1,'18.5546841938586','73.7975919929168','2017-08-16 14:19:41'),(1458,1,'18.5547601562477','73.7976630562103','2017-08-16 14:26:05'),(1459,1,'18.5546858377943','73.7977503695753','2017-08-16 14:48:50'),(1460,1,'18.5546493673088','73.7977562411899','2017-08-17 06:18:55'),(1461,1,'18.5545991206959','73.7976240505964','2017-08-17 06:23:07'),(1462,1,'18.5545991206959','73.7976240505964','2017-08-17 06:25:07'),(1463,1,'18.5546960727156','73.7976500201267','2017-08-17 06:28:00'),(1464,1,'18.5546960727156','73.7976500201267','2017-08-17 06:30:00'),(1465,1,'18.5546767922994','73.797705593426','2017-08-17 06:32:00'),(1466,1,'18.5546767922994','73.797705593426','2017-08-17 06:34:36'),(1467,1,'18.5547085941702','73.7976266817024','2017-08-17 06:59:51'),(1468,1,'18.5545905443706','73.7977517023044','2017-08-17 07:04:07'),(1469,1,'18.5545590868904','73.7976672329127','2017-08-17 08:12:17'),(1470,1,'18.5545590868904','73.7976672329127','2017-08-17 08:14:17'),(1471,1,'18.5544943794377','73.7976780525263','2017-08-17 08:16:17'),(1472,1,'18.5544943794377','73.7976780525263','2017-08-17 08:18:17'),(1473,1,'18.5544943794377','73.7976780525263','2017-08-17 08:20:18'),(1474,1,'18.5544305528531','73.7977979810044','2017-08-17 08:22:17'),(1475,1,'18.5544305528531','73.7977979810044','2017-08-17 08:24:17'),(1476,1,'18.5545261296418','73.7978885638739','2017-08-17 08:26:17'),(1477,1,'18.5545261296418','73.7978885638739','2017-08-17 08:28:17'),(1478,1,'18.5545261296418','73.7978885638739','2017-08-17 08:30:17'),(1479,1,'18.5546284440494','73.7978496499277','2017-08-17 08:32:17'),(1480,1,'18.5546284440494','73.7978496499277','2017-08-17 08:34:17'),(1481,1,'18.5546284440494','73.7978496499277','2017-08-17 08:36:17'),(1482,1,'18.5545292236803','73.7978893718752','2017-08-17 08:38:17'),(1483,1,'18.5545292236803','73.7978893718752','2017-08-17 08:40:17'),(1484,1,'18.5545292236803','73.7978893718752','2017-08-17 08:42:16'),(1485,1,'18.5544467520642','73.7978629924595','2017-08-17 08:44:20'),(1486,1,'18.5544467520642','73.7978629924595','2017-08-17 08:46:17'),(1487,1,'18.5545684878287','73.7978295145081','2017-08-17 08:48:17'),(1488,1,'18.5545684878287','73.7978295145081','2017-08-17 08:50:20'),(1489,1,'18.5545684878287','73.7978295145081','2017-08-17 08:52:17'),(1490,1,'18.5545578204025','73.7978748396024','2017-08-17 08:54:17'),(1491,1,'18.5545534497308','73.7977104471684','2017-08-17 08:56:17'),(1492,1,'18.5545534497308','73.7977104471684','2017-08-17 08:58:17'),(1493,1,'18.5546435175128','73.7977967770931','2017-08-17 09:00:17'),(1494,1,'18.5546435175128','73.7977967770931','2017-08-17 09:02:17'),(1495,1,'18.5546435175128','73.7977967770931','2017-08-17 09:04:16'),(1496,1,'18.5545788273738','73.7978657332256','2017-08-17 09:06:17'),(1497,1,'18.5545788273738','73.7978657332256','2017-08-17 09:08:16'),(1498,1,'18.5546692631645','73.7978229601046','2017-08-17 09:10:16'),(1499,1,'18.5546692631645','73.7978229601046','2017-08-17 09:12:18'),(1500,1,'18.5546692631645','73.7978229601046','2017-08-17 09:14:17'),(1501,1,'18.5545913287578','73.7978235100468','2017-08-17 09:16:16'),(1502,1,'18.5545913287578','73.7978235100468','2017-08-17 09:18:16'),(1503,1,'18.5545913287578','73.7978235100468','2017-08-17 09:20:18'),(1504,1,'18.5545100269238','73.7978550273616','2017-08-17 09:22:16'),(1505,1,'18.5545100269238','73.7978550273616','2017-08-17 09:24:18'),(1506,1,'18.5544538377078','73.7977799067605','2017-08-17 09:26:16'),(1507,1,'18.5544538377078','73.7977799067605','2017-08-17 09:28:17'),(1508,1,'18.5544538377078','73.7977799067605','2017-08-17 09:30:19'),(1509,1,'18.5543946363756','73.7977786028247','2017-08-17 09:32:16'),(1510,1,'18.5543946363756','73.7977786028247','2017-08-17 09:34:16'),(1511,1,'18.5547278376706','73.7977532856871','2017-08-17 09:36:18'),(1512,1,'18.5547278376706','73.7977532856871','2017-08-17 09:38:16'),(1513,1,'18.5547278376706','73.7977532856871','2017-08-17 09:40:17'),(1514,1,'18.5546159232342','73.7978378093312','2017-08-17 09:42:17'),(1515,1,'18.5546159232342','73.7978378093312','2017-08-17 09:44:17'),(1516,1,'18.5546601045153','73.7978306952574','2017-08-17 09:46:16'),(1517,1,'18.5546601045153','73.7978306952574','2017-08-17 09:48:18'),(1518,1,'18.5546601045153','73.7978306952574','2017-08-17 09:50:16'),(1519,1,'18.5545847912578','73.7977089267387','2017-08-17 09:52:16'),(1520,1,'18.5545847912578','73.7977089267387','2017-08-17 09:54:17'),(1521,1,'18.5544817621556','73.7977628191425','2017-08-17 09:56:19'),(1522,1,'18.5544817621556','73.7977628191425','2017-08-17 09:58:16'),(1523,1,'18.5544817621556','73.7977628191425','2017-08-17 10:00:17'),(1524,1,'18.5545766344575','73.7978669632037','2017-08-17 10:02:16'),(1525,1,'18.5545766344575','73.7978669632037','2017-08-17 10:04:16'),(1526,1,'18.5545749478557','73.7978656720564','2017-08-17 10:06:17'),(1527,1,'18.5546702338502','73.7976903766118','2017-08-17 10:10:00'),(1528,1,'18.554694594809','73.7975964175833','2017-08-17 10:13:32'),(1529,1,'18.5547337380957','73.7976161641788','2017-08-17 10:15:31'),(1530,1,'18.554671868794','73.797555694453','2017-08-17 10:17:32'),(1531,1,'18.554671868794','73.797555694453','2017-08-17 10:22:22'),(1532,1,'18.5546928663111','73.7975737778057','2017-08-17 10:23:31'),(1533,1,'18.5546928663111','73.7975737778057','2017-08-17 10:26:33'),(1534,1,'18.5546433620644','73.797579915826','2017-08-17 10:27:31'),(1535,1,'18.5546433620644','73.797579915826','2017-08-17 10:29:31'),(1536,1,'18.5546433620644','73.797579915826','2017-08-17 10:31:31'),(1537,1,'18.5545353150516','73.7977331114616','2017-08-17 10:33:31'),(1538,1,'18.5545353150516','73.7977331114616','2017-08-17 10:37:24'),(1539,1,'18.5546714075748','73.7975845441319','2017-08-17 10:37:31'),(1540,1,'18.5546714075748','73.7975845441319','2017-08-17 10:41:23'),(1541,1,'18.5546711244978','73.7975424064007','2017-08-17 10:41:31'),(1542,1,'18.5546711244978','73.7975424064007','2017-08-17 10:43:31'),(1543,1,'18.5546711244978','73.7975424064007','2017-08-17 10:45:32'),(1544,1,'18.5546361707882','73.7976016898456','2017-08-17 10:47:32'),(1545,1,'18.5546361707882','73.7976016898456','2017-08-17 10:49:31'),(1546,1,'18.5546173539652','73.797636308795','2017-08-17 10:51:31'),(1547,1,'18.5546173539652','73.797636308795','2017-08-17 10:54:42'),(1548,1,'18.5547817700495','73.7976950483867','2017-08-17 10:55:31'),(1549,1,'18.5547817700495','73.7976950483867','2017-08-17 10:57:31'),(1550,1,'18.5547817700495','73.7976950483867','2017-08-17 10:59:31'),(1551,1,'18.5547279779567','73.7977103375691','2017-08-17 11:01:31'),(1552,24,'18.5547279779567','73.7977103375691','2017-08-17 11:03:31'),(1553,24,'18.5546647644935','73.7977480107474','2017-08-17 11:07:14'),(1554,24,'18.5546647644935','73.7977480107474','2017-08-17 11:09:14'),(1555,24,'18.5547590994606','73.797657364319','2017-08-17 11:11:14'),(1556,24,'18.5547590994606','73.797657364319','2017-08-17 11:13:14'),(1557,24,'18.5547590994606','73.797657364319','2017-08-17 11:16:26'),(1558,24,'18.5548397215791','73.7977427490355','2017-08-17 11:17:15'),(1559,23,'18.55433149','73.79663131','2017-08-17 11:37:41'),(1560,24,'18.5544054647737','73.7969046990293','2017-08-17 12:54:23'),(1561,24,'18.5544840704837','73.7977583206588','2017-08-17 12:57:33'),(1562,24,'18.5547806756988','73.7977488115843','2017-08-17 13:05:08'),(1563,24,'18.5547051474837','73.7976593298362','2017-08-17 13:07:08'),(1564,24,'18.5547051474837','73.7976593298362','2017-08-17 13:09:08'),(1565,1,'18.5545368329494','73.797886086355','2017-08-17 13:09:37'),(1566,24,'18.5548095659206','73.7975308751295','2017-08-17 13:11:19'),(1567,24,'18.5548095659206','73.7975308751295','2017-08-17 13:13:19'),(1568,24,'18.5547051474837','73.7976593298362','2017-08-17 13:22:09'),(1569,24,'18.5546200333764','73.797618853137','2017-08-17 13:23:19'),(1570,24,'18.5546674891983','73.7975867909765','2017-08-17 13:25:19'),(1571,24,'18.5546674891983','73.7975867909765','2017-08-17 13:27:19'),(1572,24,'18.5546674891983','73.7975867909765','2017-08-17 13:45:43'),(1573,24,'18.5546256523061','73.7974917695919','2017-08-18 05:42:22'),(1574,43,'18.554696087889','73.7975257309436','2017-08-18 05:46:17'),(1575,43,'18.5546514401515','73.7976252568563','2017-08-18 05:48:17'),(1576,43,'18.5546514401515','73.7976252568563','2017-08-18 05:50:17'),(1577,43,'18.5546455676104','73.7975791115979','2017-08-18 05:52:17'),(1578,43,'18.5545773554643','73.7976943502495','2017-08-18 05:55:38'),(1579,43,'18.5545773554643','73.7976943502495','2017-08-18 05:57:38'),(1580,43,'18.5545876899945','73.7976831371808','2017-08-18 05:59:38'),(1581,43,'18.5545876899945','73.7976831371808','2017-08-18 06:01:38'),(1582,43,'18.5545876899945','73.7976831371808','2017-08-18 06:03:38'),(1583,43,'18.5545944510682','73.7976758842282','2017-08-18 06:05:38'),(1584,43,'18.5545944510682','73.7976758842282','2017-08-18 06:11:26'),(1585,43,'18.5546669220767','73.79757340154','2017-08-18 06:11:38'),(1586,43,'18.5546669220767','73.79757340154','2017-08-18 06:13:38'),(1587,43,'18.5546229334609','73.7976607129156','2017-08-18 06:17:38'),(1588,43,'18.5546229334609','73.7976607129156','2017-08-18 06:19:38'),(1589,43,'18.5546229334609','73.7976607129156','2017-08-18 06:21:38'),(1590,43,'18.554673319504','73.7976998891253','2017-08-18 06:27:41'),(1591,43,'18.554647808537','73.7976016106223','2017-08-18 06:29:38'),(1592,43,'18.554647808537','73.7976016106223','2017-08-18 06:31:38'),(1593,43,'18.5546685423896','73.7975959735239','2017-08-18 06:33:38'),(1594,43,'18.5546685423896','73.7975959735239','2017-08-18 06:35:38'),(1595,43,'18.5546685423896','73.7975959735239','2017-08-18 06:37:38'),(1596,43,'18.5546709726535','73.7976010789575','2017-08-18 06:39:38'),(1597,43,'18.5546709726535','73.7976010789575','2017-08-18 06:41:38'),(1598,43,'18.5547152843511','73.7976374407731','2017-08-18 06:43:38'),(1599,24,'18.5547063822072','73.7975460983712','2017-08-18 06:49:39'),(1600,24,'18.5547063822072','73.7975460983712','2017-08-18 06:51:39'),(1601,24,'18.5546551238529','73.7976046173314','2017-08-18 06:53:39'),(1602,24,'18.5546551238529','73.7976046173314','2017-08-18 06:55:39'),(1603,24,'18.5546551238529','73.7976046173314','2017-08-18 06:57:39'),(1604,24,'18.5545729961085','73.797621961408','2017-08-18 06:59:39'),(1605,24,'18.5545729961085','73.797621961408','2017-08-18 07:01:39'),(1606,24,'18.5545796030948','73.7976807285421','2017-08-18 07:03:39'),(1607,24,'18.5544918697','73.7976739502248','2017-08-18 07:05:39'),(1608,24,'18.5544918697','73.7976739502248','2017-08-18 07:07:39'),(1609,24,'18.5544918697','73.7976739502248','2017-08-18 07:12:23'),(1610,24,'18.5545768208625','73.7976409511867','2017-08-18 07:13:40'),(1611,1,'18.5544840259347','73.797841040039','2017-08-18 07:15:41'),(1612,24,'18.5545768208625','73.7976409511867','2017-08-18 07:17:45'),(1613,24,'18.5546219037431','73.7976803256992','2017-08-18 07:22:12'),(1614,24,'18.5546084589514','73.7976873636161','2017-08-18 07:23:39'),(1615,1,'18.5544087390181','73.7978857326701','2017-08-18 07:27:04'),(1616,24,'18.5546084589514','73.7976873636161','2017-08-18 07:27:19'),(1617,24,'18.5546051065743','73.7975943766194','2017-08-18 07:27:39'),(1618,24,'18.5546051065743','73.7975943766194','2017-08-18 07:29:40'),(1619,22,'18.5544792334143','73.7976554609213','2017-08-18 07:33:28'),(1620,1,'18.5547181054071','73.7979157168833','2017-08-18 07:34:59'),(1621,1,'18.5547181054071','73.7979157168833','2017-08-18 07:36:59'),(1622,22,'18.5544792334143','73.7976554609213','2017-08-18 07:37:35'),(1623,1,'18.5544710335572','73.7979241345628','2017-08-18 07:39:00'),(1624,22,'18.5545613849911','73.7976208454597','2017-08-18 07:39:28'),(1625,22,'18.5545613849911','73.7976208454597','2017-08-18 07:41:28'),(1626,22,'18.5545176089052','73.7978466944101','2017-08-18 07:43:28'),(1627,22,'18.5545176089052','73.7978466944101','2017-08-18 07:45:28'),(1628,22,'18.5545176089052','73.7978466944101','2017-08-18 07:47:28'),(1629,22,'18.5545511792692','73.7977420600666','2017-08-18 07:49:28'),(1630,22,'18.5545511792692','73.7977420600666','2017-08-18 07:51:28'),(1631,22,'18.554572920913','73.7976662625983','2017-08-18 07:53:28'),(1632,22,'18.5545815691071','73.7977058709316','2017-08-18 08:39:37'),(1633,1,'18.5545343105825','73.7978765387093','2017-08-18 08:43:42'),(1634,1,'18.5545343105825','73.7978765387093','2017-08-18 08:45:42'),(1635,1,'18.5544725141292','73.7977707269148','2017-08-18 08:54:12'),(1636,1,'18.5544725141292','73.7977707269148','2017-08-18 08:56:09'),(1637,22,'18.554578611248','73.7976818402145','2017-08-18 08:57:10'),(1638,22,'18.5545686421742','73.7976083609771','2017-08-18 09:06:04'),(1639,22,'18.5545686421742','73.7976083609771','2017-08-18 09:08:04'),(1640,22,'18.5546368789135','73.7977677366382','2017-08-18 09:11:24'),(1641,22,'18.5546876668807','73.7976668580471','2017-08-18 09:14:54'),(1642,22,'18.5547584627551','73.7976557754615','2017-08-18 09:22:35'),(1643,22,'18.5547819987464','73.7977954629393','2017-08-18 09:24:31'),(1644,22,'18.5547176535087','73.7976373717971','2017-08-18 09:53:23'),(1645,22,'18.5546025162627','73.7976386684861','2017-08-18 10:01:01'),(1646,22,'18.554742305518','73.7977545575319','2017-08-18 10:05:16'),(1647,22,'18.5547459211463','73.7977538045341','2017-08-18 10:13:43'),(1648,22,'18.5547475651634','73.7976825046807','2017-08-18 10:16:58'),(1649,22,'18.5547475651634','73.7976825046807','2017-08-18 10:18:58'),(1650,22,'18.5546831004846','73.7978336211037','2017-08-18 10:20:58'),(1651,22,'18.5546831004846','73.7978336211037','2017-08-18 10:22:58'),(1652,22,'18.5546831004846','73.7978336211037','2017-08-18 10:25:24'),(1653,22,'18.5546784891389','73.7975795409308','2017-08-18 10:27:55'),(1654,22,'18.5546784891389','73.7975795409308','2017-08-18 10:29:01'),(1655,22,'18.5546855785279','73.7975816821163','2017-08-18 10:31:23'),(1656,22,'18.5546637329369','73.7976184081054','2017-08-18 10:38:12'),(1657,22,'18.5546637329369','73.7976184081054','2017-08-18 10:40:12'),(1658,22,'18.5546551389574','73.7977591866697','2017-08-18 10:42:12'),(1659,22,'18.5546551389574','73.7977591866697','2017-08-18 10:44:12'),(1660,22,'18.5546746005035','73.7975349670553','2017-08-18 10:48:41'),(1661,22,'18.5546746005035','73.7975349670553','2017-08-18 10:50:29'),(1662,22,'18.5546653119311','73.7976216328608','2017-08-18 10:57:08'),(1663,22,'18.5546653119311','73.7976216328608','2017-08-18 10:59:08'),(1664,22,'18.5546723853911','73.7976045370918','2017-08-18 11:01:08'),(1665,22,'18.5546536416005','73.7976288239033','2017-08-18 11:04:26'),(1666,22,'18.5546536416005','73.7976288239033','2017-08-18 11:06:26'),(1667,22,'18.5546698305559','73.7976109894919','2017-08-18 11:08:27'),(1668,22,'18.5546698305559','73.7976109894919','2017-08-18 11:10:26'),(1669,22,'18.5546698305559','73.7976109894919','2017-08-18 11:12:26'),(1670,22,'18.5546413672601','73.7977109232371','2017-08-18 11:14:26'),(1671,22,'18.5546413672601','73.7977109232371','2017-08-18 11:16:26'),(1672,22,'18.554621100175','73.7976921694934','2017-08-18 11:18:26'),(1673,22,'18.554621100175','73.7976921694934','2017-08-18 11:20:26'),(1674,22,'18.554621100175','73.7976921694934','2017-08-18 11:22:26'),(1675,22,'18.5546806915094','73.7977071357499','2017-08-18 11:24:26'),(1676,22,'18.5546806915094','73.7977071357499','2017-08-18 11:26:26'),(1677,22,'18.5546684353722','73.7977325722037','2017-08-18 11:28:26'),(1678,22,'18.5546684353722','73.7977325722037','2017-08-18 11:30:26'),(1679,22,'18.5546684353722','73.7977325722037','2017-08-18 11:32:26'),(1680,22,'18.5546015600743','73.7976704668645','2017-08-18 11:34:26'),(1681,22,'18.5546015600743','73.7976704668645','2017-08-18 11:36:26'),(1682,22,'18.5545975245251','73.7976685689966','2017-08-18 11:38:26'),(1683,22,'18.5545975245251','73.7976685689966','2017-08-18 11:40:26'),(1684,22,'18.5545975245251','73.7976685689966','2017-08-18 11:42:26'),(1685,22,'18.5545962864493','73.7976684718595','2017-08-18 11:44:26'),(1686,22,'18.5545962864493','73.7976684718595','2017-08-18 11:46:58'),(1687,22,'18.55455611569','73.7977146924246','2017-08-18 11:48:26'),(1688,22,'18.55455611569','73.7977146924246','2017-08-18 11:50:26'),(1689,22,'18.55455611569','73.7977146924246','2017-08-18 11:52:26'),(1690,22,'18.5546000913258','73.7977212365162','2017-08-18 11:54:26'),(1691,22,'18.5546000913258','73.7977212365162','2017-08-18 11:56:26'),(1692,22,'18.5545965048087','73.7976993065483','2017-08-18 11:58:26'),(1693,22,'18.5545965048087','73.7976993065483','2017-08-18 12:00:26'),(1694,22,'18.5545965048087','73.7976993065483','2017-08-18 12:03:05'),(1695,22,'18.554597150097','73.7976724922527','2017-08-18 12:05:10'),(1696,22,'18.554597150097','73.7976724922527','2017-08-18 12:07:10'),(1697,22,'18.5546286466817','73.7977211797145','2017-08-18 12:09:10'),(1698,22,'18.5546286466817','73.7977211797145','2017-08-18 12:11:11'),(1699,1,'18.5544716692221','73.7977676928703','2017-08-18 12:13:44'),(1700,1,'18.5544716692221','73.7977676928703','2017-08-18 12:15:19'),(1701,1,'18.5544794931887','73.797775684732','2017-08-18 12:16:13'),(1702,22,'18.5546286466817','73.7977211797145','2017-08-18 12:16:35'),(1703,22,'18.5547252972825','73.7976413432682','2017-08-18 12:17:10'),(1704,22,'18.5547252972825','73.7976413432682','2017-08-18 12:19:10'),(1705,22,'18.5547252972825','73.7976413432682','2017-08-18 12:21:10'),(1706,22,'18.5547096001663','73.797620325184','2017-08-18 12:23:11'),(1707,22,'18.5547096001663','73.797620325184','2017-08-18 12:25:10'),(1708,22,'18.5545334289873','73.7977490972027','2017-08-18 12:27:11'),(1709,22,'18.5546013165794','73.7976801041932','2017-08-18 12:29:10'),(1710,24,'18.5546934249533','73.7976064107815','2017-08-18 12:33:46'),(1711,24,'18.5545715851719','73.7975907456321','2017-08-18 12:36:01'),(1712,24,'18.5545301827059','73.797718625748','2017-08-18 12:40:01'),(1713,24,'18.554533938803','73.7977707505689','2017-08-18 12:42:01'),(1714,24,'18.554533938803','73.7977707505689','2017-08-18 12:48:56'),(1715,24,'18.554590644005','73.7976675502749','2017-08-18 12:50:01'),(1716,24,'18.5545988695247','73.7976728067251','2017-08-18 12:52:01'),(1717,24,'18.5545988695247','73.7976728067251','2017-08-18 12:54:01'),(1718,24,'18.554553289564','73.7977216473388','2017-08-18 12:56:01'),(1719,44,'-27.7751444326972','153.231769697883','2017-08-18 18:59:18'),(1720,44,'-27.7751444326972','153.231769697883','2017-08-18 19:01:18'),(1721,44,'-27.7751444326972','153.231769697883','2017-08-18 19:21:55'),(1722,44,'-27.7750973264014','153.231950160259','2017-08-18 19:23:18'),(1723,44,'-27.7751256572341','153.23183666929','2017-08-18 19:25:18'),(1724,44,'-27.7752196602782','153.23191805757','2017-08-18 21:22:50'),(1725,44,'-27.7752171457072','153.231914034256','2017-08-18 21:23:18'),(1726,44,'-27.775265299741','153.231861395904','2017-08-18 21:25:18'),(1727,44,'-27.7751152979604','153.231780410681','2017-08-18 21:27:18'),(1728,44,'-27.7753766533246','153.232518201837','2017-08-18 21:34:44'),(1729,44,'-27.5563855190087','153.111412022405','2017-08-18 22:43:32'),(1730,44,'-27.5291738799098','153.123399317407','2017-08-18 22:45:32'),(1731,44,'-27.5037888782361','153.124338602191','2017-08-19 01:50:30'),(1732,44,'-27.4579152857769','153.084954747791','2017-08-19 01:53:49'),(1733,44,'-27.775203147929','153.231808170819','2017-08-19 08:20:12'),(1734,44,'-27.7754440019166','153.231777493053','2017-08-19 10:24:40'),(1735,44,'-27.7751157246789','153.231910010942','2017-08-19 10:26:12'),(1736,44,'-27.7751506353056','153.231821330407','2017-08-19 10:28:12'),(1737,44,'-27.7751490846535','153.231816887998','2017-08-19 15:59:11'),(1738,1,'18.5546664441432','73.7978343678074','2017-08-21 13:33:24'),(1739,1,'18.5545064419975','73.7978996616756','2017-08-21 13:35:24'),(1740,1,'18.5546682773921','73.7978333365873','2017-08-21 13:37:24'),(1741,1,'18.5546682773921','73.7978333365873','2017-08-21 13:39:24'),(1742,1,'18.5546682773921','73.7978333365873','2017-08-21 13:41:24'),(1743,1,'18.5546684290331','73.7978332512878','2017-08-21 13:43:24'),(1744,1,'18.5546684290331','73.7978332512878','2017-08-21 13:45:24'),(1745,1,'18.5546684273021','73.7978332522615','2017-08-21 13:47:25'),(1746,1,'18.5546684273021','73.7978332522615','2017-08-21 13:49:24'),(1747,1,'18.5546684273021','73.7978332522615','2017-08-21 13:51:24'),(1748,24,'18.5545661175686','73.7976780968168','2017-08-22 09:27:38'),(1749,24,'18.5545960691502','73.7978304114718','2017-08-22 09:33:48'),(1750,24,'18.5545960691502','73.7978304114718','2017-08-22 09:35:48'),(1751,24,'18.5545991847783','73.7978305337662','2017-08-22 09:37:49'),(1752,24,'18.5545991847783','73.7978305337662','2017-08-22 09:39:48'),(1753,24,'18.5545991847783','73.7978305337662','2017-08-22 09:41:48'),(1754,24,'18.5545650982738','73.7979176730288','2017-08-22 09:43:48'),(1755,24,'18.5545268890272','73.797912554374','2017-08-22 09:47:55'),(1756,24,'18.5545268890272','73.797912554374','2017-08-22 09:49:53'),(1757,24,'18.5545533882244','73.7978916056293','2017-08-22 09:51:53'),(1758,24,'18.5545533882244','73.7978916056293','2017-08-22 09:53:54'),(1759,24,'18.5545533882244','73.7978916056293','2017-08-22 09:55:53'),(1760,24,'18.5547368400079','73.797936162105','2017-08-22 09:57:54'),(1761,24,'18.5547368400079','73.797936162105','2017-08-22 09:59:53'),(1762,24,'18.5546754910545','73.7979490242447','2017-08-22 10:01:53'),(1763,24,'18.5546754910545','73.7979490242447','2017-08-22 10:03:53'),(1764,24,'18.5546744718135','73.7979323218127','2017-08-22 10:09:54'),(1765,24,'18.5546744718135','73.7979323218127','2017-08-22 10:11:53'),(1766,24,'18.5546247397366','73.7978996277866','2017-08-22 10:13:54'),(1767,24,'18.5546247397366','73.7978996277866','2017-08-22 10:15:53'),(1768,24,'18.5546247397366','73.7978996277866','2017-08-22 10:17:53'),(1769,24,'18.5545947110741','73.7977919413164','2017-08-22 10:19:53'),(1770,24,'18.5545947110741','73.7977919413164','2017-08-22 10:21:54'),(1771,22,'18.5544090237845','73.7977624421556','2017-08-22 10:38:54'),(1772,22,'18.5544090237845','73.7977624421556','2017-08-22 10:41:57'),(1773,22,'18.5545048448442','73.7978951486859','2017-08-22 10:42:38'),(1774,22,'18.5545048448442','73.7978951486859','2017-08-22 10:44:37'),(1775,22,'18.5545048448442','73.7978951486859','2017-08-22 10:47:07'),(1776,22,'18.5545069186387','73.7978970976413','2017-08-22 10:48:37'),(1777,22,'18.5544278229902','73.7979863793992','2017-08-22 10:50:37'),(1778,22,'18.5544278229902','73.7979863793992','2017-08-22 10:52:37'),(1779,22,'18.5546076284047','73.7979082508596','2017-08-22 10:54:37'),(1780,22,'18.5546076284047','73.7979082508596','2017-08-22 11:04:23'),(1781,22,'18.5544511389428','73.7977598098121','2017-08-22 11:52:03'),(1782,22,'18.5544823265153','73.7978432410823','2017-08-22 11:52:37'),(1783,22,'18.5544792247016','73.7978092806788','2017-08-22 11:54:37'),(1784,22,'18.5544792247016','73.7978092806788','2017-08-22 11:56:37'),(1785,22,'18.5544792247016','73.7978092806788','2017-08-22 11:58:39'),(1786,22,'18.5544738757272','73.7977874933269','2017-08-22 12:00:37'),(1787,22,'18.5544738757272','73.7977874933269','2017-08-22 12:02:37'),(1788,22,'18.5544707768806','73.7977784311194','2017-08-22 12:04:37'),(1789,22,'18.5544707768806','73.7977784311194','2017-08-22 12:06:37'),(1790,22,'18.5544707768806','73.7977784311194','2017-08-22 12:10:57'),(1791,22,'18.5544707768806','73.7977784311194','2017-08-22 12:13:41'),(1792,22,'18.5545087751328','73.7977937321005','2017-08-22 12:14:37'),(1793,22,'18.5545087751328','73.7977937321005','2017-08-22 12:16:37'),(1794,22,'18.5545087751328','73.7977937321005','2017-08-22 12:18:37'),(1795,22,'18.5546126937215','73.7978194415581','2017-08-22 12:20:37'),(1796,22,'18.5545087751328','73.7977937321005','2017-08-22 12:22:38'),(1797,22,'18.5545768905749','73.7976621994365','2017-08-22 12:26:11'),(1798,22,'18.5545768905749','73.7976621994365','2017-08-22 12:30:55'),(1799,22,'18.5544795063282','73.7977475805211','2017-08-22 12:32:11'),(1800,22,'18.5544795063282','73.7977475805211','2017-08-22 12:35:41'),(1801,22,'18.5544795063282','73.7977475805211','2017-08-22 12:36:35'),(1802,1,'18.5545663004064','73.7977033319559','2017-08-23 06:09:12'),(1803,1,'18.5544431514281','73.7977738740964','2017-08-23 06:17:05'),(1804,1,'18.5544431514281','73.7977738740964','2017-08-23 06:19:05'),(1805,1,'18.5547484018501','73.7977368900412','2017-08-23 06:21:05'),(1806,1,'18.5547484018501','73.7977368900412','2017-08-23 06:23:05'),(1807,1,'18.5547484018501','73.7977368900412','2017-08-23 06:25:05'),(1808,1,'18.5545979650049','73.7978202652816','2017-08-23 06:27:05'),(1809,1,'18.5545979650049','73.7978202652816','2017-08-23 06:29:05'),(1810,1,'18.5546558311008','73.7978261127367','2017-08-23 06:31:05'),(1811,1,'18.5546558311008','73.7978261127367','2017-08-23 06:33:05'),(1812,1,'18.5546558311008','73.7978261127367','2017-08-23 06:35:07'),(1813,1,'18.5545491238783','73.7977004058113','2017-08-23 06:38:19'),(1814,1,'18.5546066329048','73.7977604235715','2017-08-23 06:56:15'),(1815,1,'18.5544776718721','73.7979036156878','2017-08-23 07:04:44'),(1816,1,'18.5543836449233','73.7980001609807','2017-08-23 07:24:21'),(1817,1,'18.5543836449233','73.7980001609807','2017-08-23 07:26:21'),(1818,1,'18.5544330481439','73.7978370874668','2017-08-23 07:28:21'),(1819,1,'18.5544330481439','73.7978370874668','2017-08-23 07:30:21'),(1820,1,'18.5544330481439','73.7978370874668','2017-08-23 07:32:21'),(1821,1,'18.554581373562','73.7976922569033','2017-08-24 06:27:11'),(1822,1,'18.554581373562','73.7976922569033','2017-08-24 06:29:11'),(1823,1,'18.5545421600676','73.7976218426705','2017-08-24 07:26:00'),(1824,1,'18.5545421600676','73.7976218426705','2017-08-24 07:28:00'),(1825,1,'18.5548531290351','73.7974759134841','2017-08-24 08:07:46'),(1826,1,'18.5548531290351','73.7974759134841','2017-08-24 08:09:45'),(1827,1,'18.5546883927563','73.7976669746966','2017-08-24 08:41:20'),(1828,1,'18.5546883927563','73.7976669746966','2017-08-24 08:42:45'),(1829,1,'18.5546255441432','73.7977406486389','2017-08-24 08:44:45'),(1830,1,'18.5546255441432','73.7977406486389','2017-08-24 08:46:45'),(1831,22,'18.5544466559124','73.7978736409445','2017-08-24 09:08:31'),(1832,1,'18.5547178176285','73.79778711801','2017-08-24 09:11:41'),(1833,1,'18.5547178176285','73.79778711801','2017-08-24 09:13:41'),(1834,1,'18.5546236269511','73.7976245897089','2017-08-24 09:15:41'),(1835,1,'18.5546236269511','73.7976245897089','2017-08-24 09:17:41'),(1836,1,'18.5546236269511','73.7976245897089','2017-08-24 09:19:41'),(1837,1,'18.5547492307416','73.7976793070706','2017-08-24 09:21:41'),(1838,1,'18.5547492307416','73.7976793070706','2017-08-24 09:23:42'),(1839,1,'18.554621600417','73.7978458483648','2017-08-24 09:25:42'),(1840,1,'18.554621600417','73.7978458483648','2017-08-24 09:27:42'),(1841,1,'18.554621600417','73.7978458483648','2017-08-24 09:29:42'),(1842,1,'18.5545517723518','73.7977189016068','2017-08-24 09:31:42'),(1843,1,'18.5547888818096','73.7975986542113','2017-08-24 09:39:53'),(1844,1,'18.5547888818096','73.7975986542113','2017-08-24 09:41:53'),(1845,1,'18.5547757694187','73.7976242165572','2017-08-24 10:44:11'),(1846,1,'18.5547757694187','73.7976242165572','2017-08-24 10:46:14'),(1847,1,'18.5548680791195','73.797717032901','2017-08-24 10:54:11'),(1848,1,'18.5548680791195','73.797717032901','2017-08-24 10:56:11'),(1849,1,'18.5546715100869','73.7977290682423','2017-08-24 10:58:11'),(1850,1,'18.5546715100869','73.7977290682423','2017-08-24 11:00:11'),(1851,1,'18.5546715100869','73.7977290682423','2017-08-24 11:02:11'),(1852,1,'18.5545833081587','73.7976684159997','2017-08-24 11:04:12'),(1853,22,'18.5546722671387','73.7978353742097','2017-08-24 11:08:48'),(1854,1,'18.5546923352119','73.7976553949276','2017-08-24 11:09:17'),(1855,1,'18.5546923352119','73.7976553949276','2017-08-24 11:11:17'),(1856,1,'18.5545451899459','73.7977291233244','2017-08-24 11:13:17'),(1857,1,'18.5545451899459','73.7977291233244','2017-08-24 11:15:17'),(1858,1,'18.5545451899459','73.7977291233244','2017-08-24 11:17:17'),(1859,1,'18.5547374037118','73.7976290256019','2017-08-24 11:19:17'),(1860,1,'18.5546800523348','73.7977359524493','2017-08-24 12:24:26'),(1861,1,'18.5549017396601','73.7974106552446','2017-08-24 12:27:30'),(1862,1,'18.5547825929492','73.7976331733338','2017-08-24 12:31:09'),(1863,22,'18.5545813141028','73.7978370571856','2017-08-24 13:04:36'),(1864,1,'18.5545865417743','73.7976726188869','2017-08-24 13:08:53'),(1865,1,'18.5545705162717','73.7976606700701','2017-08-28 06:31:57'),(1866,1,'18.5545705162717','73.7976606700701','2017-08-28 06:33:57'),(1867,1,'18.5546397294219','73.7976113853905','2017-08-28 06:35:57'),(1868,1,'18.5546397294219','73.7976113853905','2017-08-28 06:37:57'),(1869,1,'18.5546397294219','73.7976113853905','2017-08-28 06:39:57'),(1870,1,'18.5545440116698','73.7976719636529','2017-08-28 06:41:57'),(1871,1,'18.5545440116698','73.7976719636529','2017-08-28 06:43:57'),(1872,1,'18.5547017964218','73.7976767847268','2017-08-28 06:45:57'),(1873,1,'18.5546476332554','73.7976074131611','2017-08-28 06:55:14'),(1874,1,'18.5545613525716','73.7977420588374','2017-08-28 06:57:14'),(1875,1,'18.5545613525716','73.7977420588374','2017-08-28 08:12:32'),(1876,1,'18.5546817752562','73.7977132161486','2017-08-28 08:12:59'),(1877,1,'18.5546374830443','73.7976193357706','2017-08-28 09:25:12'),(1878,14,'18.5546799928164','73.7978165736147','2017-08-28 10:54:01'),(1879,14,'18.5545070584582','73.7977522101889','2017-08-28 12:11:40'),(1880,14,'18.5545070584582','73.7977522101889','2017-08-28 12:13:40'),(1881,14,'18.554501273392','73.7977520298456','2017-08-28 12:15:40'),(1882,14,'18.554501273392','73.7977520298456','2017-08-28 12:17:40'),(1883,14,'18.5545067492711','73.7977537209531','2017-08-28 12:19:40'),(1884,14,'18.5545727673097','73.7978458801709','2017-08-28 12:21:40'),(1885,14,'18.5545727673097','73.7978458801709','2017-08-28 12:23:40'),(1886,14,'18.5544718990189','73.797968236439','2017-08-28 12:26:01'),(1887,14,'18.5544718990189','73.797968236439','2017-08-28 12:27:40'),(1888,14,'18.5544718990189','73.797968236439','2017-08-28 12:29:40'),(1889,14,'18.5545241700263','73.7978682593755','2017-08-28 12:31:40'),(1890,14,'18.5545241700263','73.7978682593755','2017-08-28 12:33:40'),(1891,14,'18.554474922826','73.7979385746039','2017-08-28 12:35:40'),(1892,14,'18.5546865383419','73.7979240932386','2017-08-28 12:37:42'),(1893,14,'18.5546865383419','73.7979240932386','2017-08-28 12:39:40'),(1894,14,'18.5544574836694','73.7979749529217','2017-08-28 12:41:40'),(1895,14,'18.5544219023846','73.7979251901286','2017-08-28 12:43:40'),(1896,14,'18.5544219023846','73.7979251901286','2017-08-28 12:45:40'),(1897,14,'18.5545713882062','73.7976764027742','2017-08-28 12:47:40'),(1898,14,'18.5545713882062','73.7976764027742','2017-08-28 12:49:40'),(1899,14,'18.5545713882062','73.7976764027742','2017-08-28 12:51:40'),(1900,14,'18.5546067073468','73.797831468561','2017-08-28 12:53:40'),(1901,14,'18.5546067073468','73.797831468561','2017-08-28 12:55:40'),(1902,14,'18.5546184945364','73.7978414405224','2017-08-28 12:57:40'),(1903,14,'18.5545011030317','73.7977533396226','2017-08-29 04:29:15'),(1904,14,'18.5545011030317','73.7977533396226','2017-08-29 04:31:15'),(1905,14,'18.55456470694','73.7976893252659','2017-08-29 04:34:07'),(1906,1,'18.5545036496387','73.7978607309435','2017-08-29 04:34:14'),(1907,14,'18.5546705470822','73.7978298018606','2017-08-29 04:37:34'),(1908,14,'18.5546705470822','73.7978298018606','2017-08-29 04:39:33'),(1909,14,'18.554535604151','73.7978364063646','2017-08-29 04:41:33'),(1910,14,'18.554535604151','73.7978364063646','2017-08-29 04:43:33'),(1911,14,'18.554535604151','73.7978364063646','2017-08-29 04:45:33'),(1912,14,'18.5544533325466','73.7978650714279','2017-08-29 04:47:33'),(1913,14,'18.5544533325466','73.7978650714279','2017-08-29 04:49:33'),(1914,14,'18.5543661483104','73.7979550655024','2017-08-29 04:51:33'),(1915,14,'18.5543661483104','73.7979550655024','2017-08-29 04:53:33'),(1916,14,'18.5543661483104','73.7979550655024','2017-08-29 04:55:33'),(1917,14,'18.5545605827068','73.797667883635','2017-08-29 04:57:33'),(1918,14,'18.5545605827068','73.797667883635','2017-08-29 04:59:33'),(1919,14,'18.5545605827068','73.797667883635','2017-08-29 05:01:33'),(1920,1,'18.5546100703204','73.7977612014041','2017-08-29 05:17:06'),(1921,14,'18.5545227521095','73.7979550657443','2017-08-29 05:17:26'),(1922,1,'18.5546100703204','73.7977612014041','2017-08-29 05:19:06'),(1923,14,'18.554420009357','73.7980409792927','2017-08-29 05:19:24'),(1924,1,'18.5547804781111','73.7979565328971','2017-08-29 05:21:06'),(1925,14,'18.5543707861403','73.7980701955128','2017-08-29 05:21:24'),(1926,1,'18.5547804781111','73.7979565328971','2017-08-29 05:23:06'),(1927,14,'18.5543707861403','73.7980701955128','2017-08-29 05:23:26'),(1928,1,'18.5547804781111','73.7979565328971','2017-08-29 05:25:06'),(1929,14,'18.5543707861403','73.7980701955128','2017-08-29 05:25:24'),(1930,1,'18.5547845480015','73.7979376402996','2017-08-29 05:27:06'),(1931,14,'18.5543678178426','73.7980007837059','2017-08-29 05:27:24'),(1932,14,'18.5543678178426','73.7980007837059','2017-08-29 05:29:24'),(1933,1,'18.5547845480015','73.7979376402996','2017-08-29 05:31:19'),(1934,14,'18.5543706222029','73.7979754902333','2017-08-29 05:31:25'),(1935,14,'18.5543706222029','73.7979754902333','2017-08-29 05:33:24'),(1936,14,'18.5543706222029','73.7979754902333','2017-08-29 05:35:24'),(1937,14,'18.5544969749402','73.7979367723399','2017-08-29 05:37:24'),(1938,14,'18.5544969749402','73.7979367723399','2017-08-29 05:39:24'),(1939,14,'18.5544365879169','73.7980006603745','2017-08-29 05:47:24'),(1940,14,'18.5544365879169','73.7980006603745','2017-08-29 05:49:24'),(1941,14,'18.5547363896887','73.7976595901476','2017-08-29 05:51:24'),(1942,14,'18.5547363896887','73.7976595901476','2017-08-29 05:53:26'),(1943,14,'18.5547363896887','73.7976595901476','2017-08-29 05:55:25'),(1944,1,'18.5549095608893','73.7973668432138','2017-08-29 05:56:35'),(1945,14,'18.5546265793236','73.7978336427236','2017-08-29 05:57:24'),(1946,14,'18.5546265793236','73.7978336427236','2017-08-29 05:59:24'),(1947,1,'18.5546499314455','73.7976039680471','2017-08-29 06:01:18'),(1948,14,'18.5545180924752','73.7979869792514','2017-08-29 06:01:24'),(1949,14,'18.5545180924752','73.7979869792514','2017-08-29 06:03:24'),(1950,14,'18.5545180924752','73.7979869792514','2017-08-29 06:05:24'),(1951,1,'18.554727005473','73.7975343164527','2017-08-29 06:11:35'),(1952,1,'18.5547016981451','73.7975706427776','2017-08-29 06:15:00'),(1953,1,'18.5548974656732','73.7973859341654','2017-08-29 06:23:22'),(1954,1,'18.5545845230156','73.797669065212','2017-08-29 09:41:23'),(1955,1,'18.5544078607909','73.7979785708065','2017-08-29 09:52:13'),(1956,1,'18.5545806570208','73.797661194551','2017-08-29 09:58:01'),(1957,1,'18.5545806570208','73.797661194551','2017-08-29 10:00:01'),(1958,1,'18.5547199662051','73.7976863012147','2017-08-29 10:02:01'),(1959,1,'18.5547199662051','73.7976863012147','2017-08-29 10:04:01'),(1960,1,'18.5544420486834','73.7979892706413','2017-08-29 10:09:31'),(1961,1,'18.5544420486834','73.7979892706413','2017-08-29 10:11:31'),(1962,1,'18.5545775697022','73.7979703382018','2017-08-29 10:13:30'),(1963,1,'18.5545775697022','73.7979703382018','2017-08-29 10:15:30'),(1964,1,'18.5545775697022','73.7979703382018','2017-08-29 10:17:30'),(1965,1,'18.5545659471621','73.7979227376049','2017-08-29 10:19:30'),(1966,1,'18.5545659471621','73.7979227376049','2017-08-29 10:21:31'),(1967,1,'18.5545709797201','73.7978177171766','2017-08-29 10:31:43'),(1968,1,'18.5545758898382','73.7976800892479','2017-08-29 10:35:56'),(1969,1,'18.5545758898382','73.7976800892479','2017-08-29 10:37:55'),(1970,1,'18.5546655666382','73.797776248293','2017-08-29 10:39:55'),(1971,1,'18.5546655666382','73.797776248293','2017-08-29 10:41:55'),(1972,1,'18.5546655666382','73.797776248293','2017-08-29 10:43:55'),(1973,1,'18.5546573875075','73.7978011392366','2017-08-29 10:45:58'),(1974,1,'18.5546573875075','73.7978011392366','2017-08-29 10:47:55'),(1975,1,'18.5546835038369','73.7978010957642','2017-08-29 10:49:55'),(1976,1,'18.5544291981499','73.7976945864799','2017-08-29 10:57:22'),(1977,1,'18.5545604925797','73.7976545982102','2017-08-29 11:30:44'),(1978,1,'18.5545780423509','73.7976691156115','2017-08-29 11:55:55'),(1979,1,'18.5545785952953','73.7976702057917','2017-08-29 12:04:23'),(1980,1,'18.5545785952953','73.7976702057917','2017-08-29 12:06:24'),(1981,1,'18.5544889484417','73.7977581750561','2017-08-29 12:08:22'),(1982,1,'18.5544889484417','73.7977581750561','2017-08-29 12:10:22'),(1983,1,'18.5544889484417','73.7977581750561','2017-08-29 12:12:22'),(1984,1,'18.5545728469606','73.7976787066102','2017-08-29 12:14:23'),(1985,1,'18.5544616592194','73.7979897958698','2017-08-29 12:33:30'),(1986,1,'18.5544616592194','73.7979897958698','2017-08-29 12:35:30'),(1987,46,'18.5546790894721','73.7978319145363','2017-08-30 06:02:16'),(1988,1,'18.5546708071166','73.7978452925655','2017-08-30 06:02:53'),(1989,1,'18.5546824333379','73.797799267274','2017-08-30 06:10:25'),(1990,1,'18.5546769243355','73.7978275003352','2017-08-30 06:15:56'),(1991,46,'18.5544777252544','73.7977624687648','2017-08-30 06:27:12'),(1992,1,'18.5547247348516','73.7978531131974','2017-08-30 06:28:02'),(1993,46,'18.5545742213383','73.7976622589629','2017-08-30 06:31:10'),(1994,46,'18.5546643745237','73.7978222068829','2017-08-30 06:40:06'),(1995,46,'18.5544480828023','73.7978887001638','2017-08-30 06:53:54'),(1996,46,'18.5544858199856','73.7977583304972','2017-08-30 06:58:06'),(1997,46,'18.5545795521259','73.797671671026','2017-08-30 07:00:27'),(1998,46,'18.5545795521259','73.797671671026','2017-08-30 07:02:27'),(1999,46,'18.5546350691787','73.7977603634386','2017-08-30 07:27:51'),(2000,1,'18.5547357006588','73.79786795243','2017-08-30 07:28:30'),(2001,1,'18.5545780778524','73.7978910259334','2017-08-30 07:29:03'),(2002,1,'18.5545164462001','73.7976639484787','2017-08-30 07:47:10'),(2003,1,'18.5545164462001','73.7976639484787','2017-08-30 07:49:10'),(2004,1,'18.5544828724082','73.797670461066','2017-08-30 07:51:10'),(2005,1,'18.5544828724082','73.797670461066','2017-08-30 07:53:11'),(2006,1,'18.5544828724082','73.797670461066','2017-08-30 07:55:10'),(2007,1,'18.5544698852826','73.797746171328','2017-08-30 07:59:10'),(2008,1,'18.5545734302828','73.7978443947543','2017-08-30 08:01:09'),(2009,1,'18.5545734302828','73.7978443947543','2017-08-30 08:05:28'),(2010,1,'18.5545528014943','73.7977922993832','2017-08-30 08:26:56'),(2011,1,'18.5545528014943','73.7977922993832','2017-08-30 08:28:56'),(2012,1,'18.5547640052614','73.7979136360075','2017-08-30 08:30:56'),(2013,46,'18.5543541971031','73.7978592552372','2017-08-30 08:39:50'),(2014,46,'18.5546806336148','73.7978332526659','2017-08-30 08:41:15'),(2015,46,'18.5546806336148','73.7978332526659','2017-08-30 08:43:15'),(2016,46,'18.554656772948','73.7977364951776','2017-08-30 08:45:15'),(2017,46,'18.554656772948','73.7977364951776','2017-08-30 08:47:15'),(2018,46,'18.554656772948','73.7977364951776','2017-08-30 08:49:15'),(2019,46,'18.5544133693332','73.797898897633','2017-08-30 08:51:15'),(2020,46,'18.5544133693332','73.797898897633','2017-08-30 08:53:15'),(2021,46,'18.5544171282481','73.797900314962','2017-08-30 08:55:15'),(2022,46,'18.5546038761922','73.7978441033765','2017-08-30 09:04:01'),(2023,46,'18.5544914362592','73.7977595599826','2017-08-30 09:06:23'),(2024,46,'18.5545316121434','73.7978311466397','2017-08-30 09:13:51'),(2025,46,'18.5545316121434','73.7978311466397','2017-08-30 09:15:51'),(2026,46,'18.5545316121434','73.7978311466397','2017-08-30 09:17:51'),(2027,1,'18.5546203844239','73.7977658982626','2017-08-30 09:18:52'),(2028,46,'18.5544063268855','73.7978989678144','2017-08-30 09:19:51'),(2029,1,'18.5545293432626','73.7978913648698','2017-08-30 09:20:51'),(2030,46,'18.5544063268855','73.7978989678144','2017-08-30 09:21:51'),(2031,1,'18.5545293432626','73.7978913648698','2017-08-30 09:22:51'),(2032,46,'18.5545969015958','73.7978458790735','2017-08-30 09:23:51'),(2033,1,'18.5547439155221','73.7978979548921','2017-08-30 09:25:08'),(2034,1,'18.5547439155221','73.7978979548921','2017-08-30 09:27:08'),(2035,1,'18.5545142498563','73.7978889242347','2017-08-30 09:29:08'),(2036,1,'18.5545142498563','73.7978889242347','2017-08-30 09:31:08'),(2037,1,'18.5545142498563','73.7978889242347','2017-08-30 09:33:08'),(2038,1,'18.5545767685175','73.797655147513','2017-08-30 09:35:53'),(2039,1,'18.5545767685175','73.797655147513','2017-08-30 09:38:45'),(2040,1,'18.5546712934945','73.7978276598324','2017-08-30 09:39:52'),(2041,1,'18.554439708996','73.7977050710355','2017-08-30 10:12:13'),(2042,1,'18.5546116132349','73.7978453531526','2017-08-30 10:12:52'),(2043,46,'18.5545969015958','73.7978458790735','2017-08-30 10:21:55'),(2044,22,'18.5545763434197','73.7976770530199','2017-08-30 13:26:50'),(2045,22,'18.5545763434197','73.7976770530199','2017-08-30 13:28:50'),(2046,22,'18.5545418178806','73.7977265988994','2017-08-30 13:30:50'),(2047,22,'18.5545418178806','73.7977265988994','2017-08-30 13:33:10'),(2048,22,'18.5546986355378','73.7978142699036','2017-08-31 04:38:13'),(2049,22,'18.5546986355378','73.7978142699036','2017-08-31 04:40:11'),(2050,22,'18.5545837378829','73.7976778997829','2017-08-31 04:58:59'),(2051,44,'-27.6557817444092','153.163867370145','2017-08-31 07:32:14'),(2052,44,'-27.6557066452283','153.163735276316','2017-08-31 07:39:20'),(2053,44,'-27.6552843044933','153.166890228734','2017-08-31 08:39:06'),(2054,44,'-27.7751466539016','153.231772296273','2017-08-31 08:40:14'),(2055,44,'-27.7750939736401','153.231842955717','2017-08-31 08:47:40'),(2056,44,'-27.7750580152755','153.231940688708','2017-09-15 07:45:20'),(2057,44,'-27.7750580152755','153.231940688708','2017-09-15 07:52:03'),(2058,44,'-27.775228251729','153.231579931596','2017-09-15 08:22:38'),(2059,44,'-27.7754384698605','153.231959045076','2017-09-15 09:21:33'),(2060,44,'-27.4137070030229','153.08256662465','2017-09-23 09:18:23'),(2061,44,'-27.4137348309415','153.082579532781','2017-09-23 09:25:13'),(2062,1,'18.5547928207614','73.7975645258686','2018-01-12 11:01:35'),(2063,1,'18.5546517367009','73.7975621752092','2018-01-22 13:42:13'),(2064,1,'18.5546517367009','73.7975621752092','2018-01-22 13:44:13'),(2065,1,'18.5547206452266','73.7976490049291','2018-01-22 13:46:13'),(2066,1,'18.5544118982525','73.7966968750246','2018-01-22 13:48:13'),(2067,47,'-27.6673910096909','153.1722049099','2018-01-25 06:07:33'),(2068,47,'-27.6674005919639','153.172223568528','2018-01-25 06:09:33'),(2069,47,'-27.667506367385','153.172305782929','2018-01-25 08:20:48'),(2070,47,'-27.6676481126881','153.172388897249','2018-01-25 08:24:33'),(2071,47,'-27.9913937850837','153.035529842429','2018-01-26 04:06:44'),(2072,47,'-27.9940699308931','153.014726743955','2018-01-26 04:15:59'),(2073,47,'-27.9853680507444','152.996185125828','2018-01-26 04:17:21'),(2074,47,'-27.9854056159546','152.996181739468','2018-01-26 04:19:20'),(2075,47,'-27.985403921366','152.996182076039','2018-01-26 05:40:20'),(2076,47,'-27.971846202352','153.000807598462','2018-01-26 05:41:32'),(2077,47,'-27.9719427757848','153.000457311127','2018-01-26 11:36:22'),(2078,45,'-33.7429835088865','150.944786444447','2018-01-26 21:02:10'),(2079,45,'-33.7430233462182','150.944596941383','2018-01-26 21:02:11'),(2080,47,'-27.5768995220319','153.025830854247','2018-02-06 01:08:15'),(2081,47,'-27.4918847543513','153.035749496732','2018-02-09 05:31:48'),(2082,47,'-27.4920395353106','153.035367113537','2018-02-09 05:32:28'),(2083,14,'18.5547693338771','73.7974632473137','2018-03-01 07:15:14'),(2084,23,'18.5546668260692','73.7976458990689','2018-03-01 08:25:41'),(2085,23,'18.554670526634','73.7976386665926','2018-03-01 08:32:03'),(2086,23,'18.5546787624569','73.7976309641699','2018-03-01 08:35:54'),(2087,23,'18.5547308941248','73.7974814415874','2018-03-01 08:38:52'),(2088,23,'18.5546522176312','73.7976635807044','2018-03-01 09:51:29'),(2089,47,'-27.6674724169005','153.172141247904','2018-03-05 07:53:57'),(2090,47,'-27.6674853639731','153.172158303694','2018-03-05 20:11:39'),(2091,44,'-33.8172930211801','151.001138314407','2018-03-05 23:30:00'),(2092,47,'-33.8169977130974','151.001154599182','2018-03-05 23:30:17'),(2093,44,'-33.817514176512','151.000685272879','2018-03-05 23:32:00'),(2094,44,'-33.8175909128355','151.000473210729','2018-03-05 23:34:00'),(2095,45,'-33.8168236753287','151.001080228156','2018-03-05 23:34:36'),(2096,44,'-33.8174549583661','151.000692732773','2018-03-05 23:36:00'),(2097,47,'-33.8172644832154','151.001180455528','2018-03-05 23:36:38'),(2098,44,'-33.817557971956','151.000854168228','2018-03-05 23:38:01'),(2099,47,'-33.817159840338','151.001048583857','2018-03-05 23:38:37'),(2100,44,'-33.8173262123333','151.000923905662','2018-03-05 23:40:00'),(2101,47,'-33.8171111154594','151.001034165707','2018-03-05 23:40:38'),(2102,44,'-33.8178010890575','151.000657780237','2018-03-05 23:42:00'),(2103,47,'-33.8165769558179','151.001033339613','2018-03-05 23:43:13'),(2104,44,'-33.8173328759464','151.000733971736','2018-03-05 23:44:00'),(2105,47,'-33.8166058446628','151.00100248477','2018-03-05 23:45:13'),(2106,44,'-33.8171559758799','151.000860203198','2018-03-05 23:46:00'),(2107,47,'-33.8172149592515','151.000831754494','2018-03-05 23:47:16'),(2108,44,'-33.8171559758799','151.000860203198','2018-03-05 23:48:00'),(2109,47,'-33.8170678215926','151.000911921042','2018-03-05 23:49:17'),(2110,44,'-33.8171559758799','151.000860203198','2018-03-05 23:50:00'),(2111,47,'-33.8170574722194','151.000916278007','2018-03-05 23:51:16'),(2112,44,'-33.8171559758799','151.000860203198','2018-03-05 23:52:00'),(2113,47,'-33.8167780620285','151.001068654825','2018-03-05 23:53:46'),(2114,44,'-33.8171559758799','151.000860203198','2018-03-05 23:54:00'),(2115,44,'-33.8171559758799','151.000860203198','2018-03-05 23:57:32'),(2116,44,'-33.8171559758799','151.000860203198','2018-03-05 23:59:56'),(2117,47,'-33.8172154670508','151.001171264428','2018-03-06 00:02:02'),(2118,45,'-33.8168086763533','151.001047253019','2018-03-06 00:02:42'),(2119,44,'-33.8171041915057','151.000936552154','2018-03-06 00:05:56'),(2120,47,'-33.8166364294789','151.001160221339','2018-03-06 00:05:56'),(2121,47,'-33.8167008827164','151.001217665118','2018-03-06 00:07:56'),(2122,44,'-33.8171041915057','151.000936552154','2018-03-06 00:13:39'),(2123,44,'-33.8171041915057','151.000936552154','2018-03-06 00:14:28'),(2124,47,'-33.8168611115606','151.001030765766','2018-03-06 00:15:53'),(2125,44,'-33.8173368154408','151.000960953674','2018-03-06 00:16:16'),(2126,45,'-33.8168723741861','151.001166980854','2018-03-06 00:17:21'),(2127,47,'-33.8168743414352','151.001119699091','2018-03-06 00:17:49'),(2128,47,'-33.8168743414352','151.001119699091','2018-03-06 00:19:49'),(2129,45,'-33.8168723741861','151.001166980854','2018-03-06 00:20:41'),(2130,47,'-33.8168743414352','151.001119699091','2018-03-06 00:21:49'),(2131,45,'-33.8169825543033','151.001086682222','2018-03-06 00:24:41'),(2132,45,'-33.8168234657811','151.001008227608','2018-03-06 00:26:40'),(2133,45,'-33.8168573234126','151.001029700973','2018-03-06 00:43:46'),(2134,47,'-27.6674895031028','153.17214105655','2018-03-06 09:52:21'),(2135,47,'-27.667485859624','153.17215816164','2018-03-06 09:54:21'),(2136,47,'-27.6674918041652','153.172149356232','2018-03-06 09:56:59'),(2137,47,'-27.6674844200429','153.172154829936','2018-03-06 09:58:47'),(2138,47,'-27.6674855621181','153.172152099152','2018-03-06 10:00:47'),(2139,47,'-27.6674856622951','153.1721596313','2018-03-06 10:03:22'),(2140,47,'-27.6674872613444','153.172164406251','2018-03-06 10:04:52'),(2141,48,'18.5546995937541','73.7975861210896','2018-03-08 09:10:05'),(2142,48,'18.5547134290528','73.7976439658352','2018-03-08 09:12:05'),(2143,48,'18.5546597605744','73.7975991983654','2018-03-08 09:14:05'),(2144,48,'18.5546597605744','73.7975991983654','2018-03-08 09:16:05'),(2145,48,'18.5546563659036','73.7975895591767','2018-03-08 09:18:05'),(2146,48,'18.5546554019847','73.7975839433016','2018-03-08 09:20:06'),(2147,48,'18.5546576231891','73.79758235074','2018-03-08 09:22:04'),(2148,48,'18.5546604730362','73.7975835242065','2018-03-08 09:24:06'),(2149,48,'18.5546845598448','73.797590627327','2018-03-08 09:26:05'),(2150,48,'18.5546709504151','73.7975827698352','2018-03-08 09:28:04'),(2151,48,'18.5546742193574','73.7975817640068','2018-03-08 09:30:05'),(2152,48,'18.5546742193574','73.7975817640068','2018-03-08 09:32:05'),(2153,48,'18.5546719030379','73.7976435511321','2018-03-08 09:34:05'),(2154,48,'18.5546853889892','73.7975983023597','2018-03-08 09:36:08'),(2155,48,'18.5546744289049','73.79758494913','2018-03-08 09:38:04'),(2156,48,'18.5546734649861','73.7975865416916','2018-03-08 09:42:04'),(2157,48,'18.5547263771357','73.7976319305399','2018-03-08 09:44:05'),(2158,48,'18.5546762310141','73.7975867931487','2018-03-08 09:46:04'),(2159,48,'18.5546764405617','73.797587631339','2018-03-08 09:48:05'),(2160,48,'18.5546752670953','73.7975887209864','2018-03-08 09:50:04'),(2161,48,'18.5546752670953','73.7975887209864','2018-03-08 09:52:05'),(2162,48,'18.5547420699498','73.7975768178345','2018-03-08 09:54:05'),(2163,48,'18.5546661509807','73.7975961529144','2018-03-08 09:56:05'),(2164,48,'18.5546567071786','73.7976230241993','2018-03-08 09:58:04'),(2165,48,'18.5546245348292','73.7975830787508','2018-03-08 10:00:04'),(2166,48,'18.5546225814479','73.7976039765304','2018-03-08 10:02:05'),(2167,48,'18.5547054337366','73.7976698200242','2018-03-08 10:04:04'),(2168,48,'18.554658046771','73.7976163580527','2018-03-08 10:06:04'),(2169,48,'18.5546395916206','73.7976061947645','2018-03-08 10:08:04'),(2170,48,'18.5545887076066','73.7976167776311','2018-03-08 10:10:04'),(2171,48,'18.5546714114198','73.7976015452983','2018-03-08 10:12:04'),(2172,48,'18.5546332667458','73.7976114160051','2018-03-08 10:14:04'),(2173,48,'18.5546700703153','73.7976013776602','2018-03-08 10:16:05'),(2174,48,'18.5546703217724','73.7976020482125','2018-03-08 10:18:04'),(2175,48,'18.5546707827771','73.7976021320315','2018-03-08 10:20:04'),(2176,48,'18.5546901725862','73.7976296255831','2018-03-08 10:22:05'),(2177,48,'18.554669315944','73.797603389317','2018-03-08 10:24:04'),(2178,48,'18.5546895119149','73.7976031089576','2018-03-08 10:26:04'),(2179,48,'18.5547229803704','73.7976107769728','2018-03-08 10:28:04'),(2180,48,'18.5546706128203','73.7976048918818','2018-03-08 10:30:04'),(2181,48,'18.5546708665961','73.7976056524308','2018-03-08 10:32:04'),(2182,48,'18.554671998153','73.7976066582592','2018-03-08 10:34:04'),(2183,48,'18.5546812098761','73.7976284645046','2018-03-08 10:36:04'),(2184,48,'18.554750881804','73.7976677756402','2018-03-08 10:38:10'),(2185,48,'18.5547561363401','73.7976699837366','2018-03-08 10:40:04'),(2186,48,'18.5547151746081','73.7976505795766','2018-03-08 10:42:04'),(2187,48,'18.5546671937995','73.7976294123897','2018-03-08 10:44:04'),(2188,48,'18.5547329033171','73.7975556341748','2018-03-08 10:46:04'),(2189,48,'18.5547172400116','73.7976437755779','2018-03-08 10:48:04'),(2190,48,'18.5546768580102','73.7976304725122','2018-03-08 10:50:04'),(2191,48,'18.5547441181961','73.7975706405501','2018-03-08 10:52:04'),(2192,48,'18.5547019124014','73.797643344025','2018-03-08 10:54:04'),(2193,48,'18.5546419678564','73.7976332325338','2018-03-08 10:56:04'),(2194,48,'18.5546324451933','73.797637375602','2018-03-08 10:58:04'),(2195,48,'18.5547014127633','73.7976199195628','2018-03-08 11:00:05'),(2196,48,'18.5547189011982','73.7976543340303','2018-03-08 11:02:04'),(2197,48,'18.5546324839634','73.7975818173395','2018-03-08 11:04:04'),(2198,48,'18.5546093598135','73.7976354508738','2018-03-08 11:06:04'),(2199,48,'18.5546044512455','73.7976401398826','2018-03-08 11:10:04'),(2200,48,'18.5546342177487','73.7977251245054','2018-03-08 11:12:05'),(2201,48,'18.5547501200537','73.7976767554209','2018-03-08 11:14:04'),(2202,48,'18.5547493975667','73.7976562655744','2018-03-08 11:16:04'),(2203,48,'18.5547537771198','73.7976747140438','2018-03-08 11:18:04'),(2204,48,'18.5547559667735','73.7976675258201','2018-03-08 11:20:04'),(2205,48,'18.5547625696968','73.7976631890613','2018-03-08 11:22:04'),(2206,48,'18.5546930795673','73.7975560302841','2018-03-08 11:24:04'),(2207,48,'18.5546776676056','73.7976593900535','2018-03-08 11:26:04'),(2208,48,'18.5547207614596','73.7975931441881','2018-03-08 11:28:04'),(2209,48,'18.5547506720797','73.7976638395925','2018-03-08 11:30:04'),(2210,48,'18.5547508461353','73.7976695113066','2018-03-08 11:32:04'),(2211,48,'18.5546333467816','73.7976361376777','2018-03-08 11:34:04'),(2212,48,'18.5546255462476','73.797633092319','2018-03-08 11:36:04'),(2213,48,'18.5545988884354','73.7976076043001','2018-03-08 11:38:04'),(2214,48,'18.5547231007336','73.7976657533641','2018-03-08 11:40:04'),(2215,48,'18.5546035668046','73.7975987795147','2018-03-08 11:42:04'),(2216,48,'18.554628291659','73.7976173727833','2018-03-08 11:44:04'),(2217,48,'18.5546186584022','73.7975704712846','2018-03-08 11:46:04'),(2218,48,'18.5547637908237','73.797637157385','2018-03-08 11:48:05'),(2219,48,'18.5546382545466','73.7976527968491','2018-03-08 11:50:04'),(2220,48,'18.5546817642456','73.7977179571838','2018-03-08 11:52:04'),(2221,48,'18.5545291130051','73.7977564352016','2018-03-08 11:54:04'),(2222,48,'18.5545603334694','73.7976823846141','2018-03-08 11:56:04'),(2223,48,'18.5545551831264','73.7977372671984','2018-03-08 11:58:04'),(2224,48,'18.554652241966','73.7976879640772','2018-03-08 12:00:04'),(2225,48,'18.55455251363','73.7977327226313','2018-03-08 12:02:04'),(2226,48,'18.5545530108581','73.7976946821611','2018-03-08 12:04:04'),(2227,48,'18.5545562099051','73.7977011480616','2018-03-08 12:06:04'),(2228,48,'18.5545848963958','73.7977068835709','2018-03-08 12:08:04'),(2229,48,'18.5545853584248','73.7977387333119','2018-03-08 12:10:04'),(2230,48,'18.5545353748393','73.7977298120861','2018-03-08 12:12:04'),(2231,48,'18.5546313280532','73.7976596282325','2018-03-08 12:14:04'),(2232,48,'18.5545310965997','73.7977348676772','2018-03-08 12:16:04'),(2233,48,'18.5546145672647','73.7976855087956','2018-03-08 12:18:04'),(2234,48,'18.5545863359907','73.7976652153454','2018-03-08 12:20:04'),(2235,48,'18.5546367546269','73.7976700989692','2018-03-08 12:22:04'),(2236,48,'18.5545826513493','73.7976603097406','2018-03-08 12:24:04'),(2237,48,'18.5546625424536','73.7976471582023','2018-03-08 12:26:04'),(2238,47,'-27.6675632409895','153.17279387765','2018-03-10 07:40:22'),(2239,47,'-27.6675440052532','153.172502812061','2018-03-10 07:42:20'),(2240,47,'-27.6116733908582','153.141443790969','2018-03-11 03:47:32'),(2241,47,'-27.6674892138799','153.172636355471','2018-03-11 07:59:40'),(2242,47,'-27.6675880567282','153.172561054272','2018-03-11 08:01:40'),(2243,47,'-27.6674936843237','153.172519415048','2018-03-11 08:04:17'),(2244,47,'-27.6675264066535','153.171957390308','2018-03-11 08:08:00'),(2245,47,'-27.6675703382309','153.17251468302','2018-03-11 08:14:51'),(2246,48,'18.5544721169626','73.797700320091','2018-03-12 09:13:06'),(2247,48,'18.5544721169626','73.797700320091','2018-03-12 09:15:05'),(2248,48,'18.5544721169626','73.797700320091','2018-03-12 09:30:35'),(2249,48,'18.5546826323407','73.7975065828683','2018-03-12 09:31:05'),(2250,48,'18.5546825519461','73.7974923310134','2018-03-12 09:33:06'),(2251,48,'18.554284473199','73.7967287976407','2018-03-12 09:35:05'),(2252,48,'18.5546650022125','73.7976588322151','2018-03-12 09:37:08'),(2253,48,'18.5543906053531','73.7968654201908','2018-03-12 09:39:05'),(2254,48,'18.5546714028268','73.7976529159305','2018-03-12 09:41:05'),(2255,48,'18.5546714028268','73.7976529159305','2018-03-12 09:43:05'),(2256,48,'18.5546714710122','73.7976531077095','2018-03-12 09:45:05'),(2257,48,'18.5546572417514','73.7976737572859','2018-03-12 09:47:10'),(2258,48,'18.5548195055348','73.7976724234692','2018-03-12 09:51:35'),(2259,48,'18.5548195055348','73.7976724234692','2018-03-12 09:53:35'),(2260,48,'18.5547622722755','73.7976975843523','2018-03-12 09:55:35'),(2261,48,'18.5547622722755','73.7976975843523','2018-03-12 09:59:57'),(2262,48,'18.5546636729261','73.7976654066013','2018-03-12 10:07:19'),(2263,48,'18.5546379214036','73.7976428927595','2018-03-12 10:08:18'),(2264,48,'18.5546379214036','73.7976428927595','2018-03-12 10:10:18'),(2265,48,'18.5543685709741','73.7968065715351','2018-03-12 10:12:21'),(2266,48,'18.5547099474078','73.7977369781641','2018-03-12 10:14:18'),(2267,48,'18.5544280669021','73.7969638665845','2018-03-12 10:16:18'),(2268,48,'18.5546580702073','73.7976709419962','2018-03-12 10:18:18'),(2269,48,'18.5546580702073','73.7976709419962','2018-03-12 10:20:18'),(2270,48,'18.5545247382478','73.7977547006264','2018-03-12 12:19:48'),(2271,48,'18.5545247382478','73.7977547006264','2018-03-12 12:21:49'),(2272,48,'18.5546450411183','73.7977031356669','2018-03-12 12:23:49'),(2273,48,'18.5546450411183','73.7977031356669','2018-03-12 12:25:48'),(2274,48,'18.5546450411183','73.7977031356669','2018-03-12 12:27:48'),(2275,48,'18.5545909285703','73.7976526181532','2018-03-12 12:30:28'),(2276,48,'18.5543748819544','73.7979600924278','2018-03-12 12:31:48'),(2277,48,'18.5543748819544','73.7979600924278','2018-03-12 12:33:48'),(2278,48,'18.5545189076067','73.7974051298283','2018-03-12 12:35:48'),(2279,48,'18.5545189076067','73.7974051298283','2018-03-12 12:37:48'),(2280,48,'18.5545189076067','73.7974051298283','2018-03-12 12:39:48'),(2281,48,'18.5546242370567','73.7978395962966','2018-03-12 12:41:48'),(2282,48,'18.5546242370567','73.7978395962966','2018-03-12 12:43:48'),(2283,48,'18.5545072942234','73.7977224066674','2018-03-12 12:45:48'),(2284,48,'18.5545072942234','73.7977224066674','2018-03-12 12:47:48'),(2285,48,'18.5545072942234','73.7977224066674','2018-03-12 12:49:48'),(2286,48,'18.5546154024336','73.7975838750823','2018-03-12 12:51:48'),(2287,48,'18.5546154024336','73.7975838750823','2018-03-12 12:53:48'),(2288,48,'18.5544592437678','73.79781134212','2018-03-12 12:55:48'),(2289,48,'18.5544592437678','73.79781134212','2018-03-12 12:57:48'),(2290,48,'18.5544592437678','73.79781134212','2018-03-12 12:59:48'),(2291,48,'18.554478329481','73.7978074328653','2018-03-12 13:01:48'),(2292,48,'18.554478329481','73.7978074328653','2018-03-12 13:03:48'),(2293,48,'18.554434590236','73.797859701814','2018-03-12 13:05:48'),(2294,48,'18.554434590236','73.797859701814','2018-03-12 13:07:48'),(2295,48,'18.554434590236','73.797859701814','2018-03-12 13:09:48'),(2296,48,'18.5544510867729','73.7978557169487','2018-03-12 13:11:48'),(2297,48,'18.5544511652054','73.7978566593019','2018-03-12 13:13:48'),(2298,48,'18.5545362059007','73.7977187298506','2018-03-12 13:15:48'),(2299,48,'18.5545362059007','73.7977187298506','2018-03-12 13:17:48'),(2300,48,'18.5545362059007','73.7977187298506','2018-03-12 13:19:48'),(2301,48,'18.5545634841387','73.7976841969908','2018-03-12 13:21:48'),(2302,48,'18.5545634841387','73.7976841969908','2018-03-12 13:23:48'),(2303,48,'18.5545710302624','73.7976711555494','2018-03-12 13:25:48'),(2304,48,'18.5545710302624','73.7976711555494','2018-03-12 13:27:48'),(2305,48,'18.5545710302624','73.7976711555494','2018-03-12 13:29:48'),(2306,48,'18.5545126625288','73.7977354624833','2018-03-12 13:31:48'),(2307,48,'18.5545126625288','73.7977354624833','2018-03-12 13:33:48'),(2308,48,'18.5544521680681','73.7978282591489','2018-03-12 13:35:48'),(2309,48,'18.5544521680681','73.7978282591489','2018-03-12 13:37:48'),(2310,23,'18.55037290077','73.8045325214478','2018-03-13 07:25:56'),(2311,45,'-33.7429575668962','150.944902952901','2018-03-13 07:26:07'),(2312,23,'18.5499618559323','73.8041703064046','2018-03-13 07:27:55'),(2313,45,'-33.7429575668962','150.944902952901','2018-03-13 07:28:07'),(2314,23,'18.5499239366387','73.8040966122384','2018-03-13 07:29:56'),(2315,45,'-33.7429575668962','150.944902952901','2018-03-13 07:30:07'),(2316,45,'-33.7429575668962','150.944902952901','2018-03-13 07:32:07'),(2317,23,'18.5503446407436','73.8041764592144','2018-03-13 07:32:23'),(2318,45,'-33.7429575668962','150.944902952901','2018-03-13 07:34:07'),(2319,23,'18.5502343378484','73.8047592877414','2018-03-13 07:35:24'),(2320,45,'-33.7429731153266','150.944975037268','2018-03-13 07:36:07'),(2321,45,'-33.7430353928672','150.945105878777','2018-03-13 07:38:08'),(2322,23,'18.5499345873282','73.8045258592738','2018-03-13 07:39:24'),(2323,45,'-33.7430315791012','150.945012755833','2018-03-13 07:40:07'),(2324,23,'18.5501237346163','73.8043712799561','2018-03-13 07:41:23'),(2325,45,'-33.7430133484618','150.945076542116','2018-03-13 07:42:07'),(2326,23,'18.5499478370306','73.8045366045779','2018-03-13 07:43:23'),(2327,45,'-33.7430133484618','150.945076542116','2018-03-13 07:45:02'),(2328,23,'18.5499429129583','73.8047298407653','2018-03-13 07:45:23'),(2329,45,'-33.7429981353076','150.945024909592','2018-03-13 07:47:02'),(2330,23,'18.5499946060434','73.8044979259222','2018-03-13 07:47:55'),(2331,45,'-33.7429981353076','150.945024909592','2018-03-13 07:49:02'),(2332,23,'18.5501087065311','73.8042730301233','2018-03-13 07:50:43'),(2333,45,'-33.7429981353076','150.945024909592','2018-03-13 07:51:02'),(2334,23,'18.5504199064865','73.804307612675','2018-03-13 07:51:36'),(2335,45,'-33.7429981353076','150.945024909592','2018-03-13 07:53:02'),(2336,23,'18.5504199064865','73.804307612675','2018-03-13 07:56:11'),(2337,45,'-33.7429981353076','150.945024909592','2018-03-13 07:56:29'),(2338,23,'18.5504390753833','73.8048109618086','2018-03-13 07:57:43'),(2339,45,'-33.7429981353076','150.945024909592','2018-03-13 07:58:29'),(2340,23,'18.5504446149786','73.8043522215782','2018-03-14 08:19:16'),(2341,23,'18.5543566486392','73.797975992354','2018-03-14 08:19:40'),(2342,23,'18.5539354918657','73.7983910000758','2018-03-14 13:01:12'),(2343,47,'-27.6674864225424','153.172157378029','2018-03-19 20:31:22'),(2344,47,'-27.6674370937137','153.172145266678','2018-03-19 20:33:22'),(2345,48,'18.5548461721744','73.797609356357','2018-03-21 12:50:20'),(2346,48,'18.5547416145604','73.797670465556','2018-03-21 12:57:24'),(2347,48,'18.554774766118','73.7976958731625','2018-03-21 12:58:25'),(2348,48,'18.554774766118','73.7976958731625','2018-03-21 13:00:20'),(2349,48,'18.5547749806296','73.7976964224646','2018-03-21 13:02:20'),(2350,48,'18.5547316387645','73.7976661783909','2018-03-21 13:04:20'),(2351,48,'18.5547316387645','73.7976661783909','2018-03-21 13:06:20'),(2352,48,'18.5547915253273','73.7976421068204','2018-03-21 13:08:20'),(2353,48,'18.5547297075564','73.797669522533','2018-03-21 13:10:20'),(2354,48,'18.5547200430893','73.7976660894147','2018-03-21 13:12:20'),(2355,48,'18.5547054056985','73.7976718612873','2018-03-21 13:45:14'),(2356,48,'18.5546892381186','73.7977206402815','2018-03-22 05:04:00'),(2357,48,'18.5547417393796','73.7976350271204','2018-03-22 05:06:00'),(2358,48,'18.5547211091264','73.7976691461028','2018-03-22 05:08:00'),(2359,48,'18.5547174425691','73.7976722201421','2018-03-22 05:10:00'),(2360,48,'18.5547508316306','73.797708278843','2018-03-22 05:12:00'),(2361,48,'18.554727218962','73.7976637396869','2018-03-22 05:14:00'),(2362,48,'18.5546780604051','73.7976413996466','2018-03-22 05:16:00'),(2363,48,'18.5547094905172','73.7976601896843','2018-03-22 05:18:00'),(2364,48,'18.5547119039251','73.7976850391904','2018-03-22 05:20:00'),(2365,48,'18.5546892504522','73.7976965908177','2018-03-22 05:22:00'),(2366,48,'18.5547238098809','73.7976623411091','2018-03-22 05:24:00'),(2367,48,'18.5546099524949','73.7978140021645','2018-03-22 05:26:00'),(2368,1,'18.5546982236271','73.7976581526259','2018-03-22 08:42:52'),(2369,47,'-27.6676007841148','153.172384489305','2018-03-31 11:37:40'),(2370,47,'-27.6675898347775','153.17240160871','2018-03-31 11:39:43'),(2371,47,'-27.6676122936562','153.172358690701','2018-03-31 11:44:25');
/*!40000 ALTER TABLE `locationshistory` ENABLE KEYS */;
UNLOCK TABLES;

--
-- Table structure for table `moments`
--

DROP TABLE IF EXISTS `moments`;
/*!40101 SET @saved_cs_client     = @@character_set_client */;
/*!40101 SET character_set_client = utf8 */;
CREATE TABLE `moments` (
  `momentsId` bigint(20) NOT NULL AUTO_INCREMENT,
  `userId` bigint(20) NOT NULL,
  `itineraryId` bigint(20) DEFAULT NULL,
  `flightId` bigint(20) DEFAULT NULL,
  `momentImage` varchar(256) NOT NULL,
  `deleteFlag` tinyint(4) NOT NULL DEFAULT '0',
  `dateCreated` datetime NOT NULL DEFAULT CURRENT_TIMESTAMP,
  `dateModified` datetime DEFAULT NULL,
  PRIMARY KEY (`momentsId`)
) ENGINE=InnoDB AUTO_INCREMENT=360 DEFAULT CHARSET=latin1;
/*!40101 SET character_set_client = @saved_cs_client */;

--
-- Dumping data for table `moments`
--

LOCK TABLES `moments` WRITE;
/*!40000 ALTER TABLE `moments` DISABLE KEYS */;
INSERT INTO `moments` VALUES (1,1,1,NULL,'uploads/moments/68ae19c03bc8ac62ee492eceae0407d7.jpeg',1,'2017-07-06 13:53:32','2017-08-14 10:02:22'),(2,1,1,NULL,'uploads/moments/6be76890711cc2fa57080f65221ea65b.jpeg',1,'2017-07-06 13:54:02','2017-08-14 10:02:22'),(3,2,4,NULL,'uploads/moments/804640d2b1d54c8c7db3aae028b49f7f.jpeg',0,'2017-07-06 13:54:47',NULL),(4,2,4,NULL,'uploads/moments/f404a7073f0df74cdcb725e2f23f86f0.jpeg',0,'2017-07-06 13:54:52',NULL),(5,2,4,NULL,'uploads/moments/9d705a3b55367db888938518e6add5a0.jpeg',1,'2017-07-06 14:53:11',NULL),(6,2,4,NULL,'uploads/moments/863df84c234574cfa93c9ab65c4a10e3.jpeg',0,'2017-07-06 15:02:54',NULL),(7,14,19,NULL,'uploads/moments/c2cb2f292fd9667684585af069a27c78.jpeg',1,'2017-08-11 04:40:03','2017-08-11 05:11:48'),(8,14,19,NULL,'uploads/moments/2b8b352704d837228c74c5066a6e89d5.jpeg',1,'2017-08-11 04:40:04','2017-08-11 05:11:48'),(9,14,19,NULL,'uploads/moments/72df7217ed93b09a7f2d259c6a8436e0.jpeg',1,'2017-08-11 04:40:04','2017-08-11 05:11:48'),(10,14,19,NULL,'uploads/moments/657361e256f742347ef69e8f47707fff.jpeg',1,'2017-08-11 04:40:16','2017-08-11 05:11:48'),(11,14,19,NULL,'uploads/moments/434aad7cd4cd7615b8991c526f23e87b.jpeg',1,'2017-08-11 04:40:16','2017-08-11 05:11:48'),(12,14,19,NULL,'uploads/moments/68ae8f0f4fbd9561898ec535f2ca19e0.jpeg',1,'2017-08-11 04:40:16','2017-08-11 05:11:48'),(13,14,20,NULL,'uploads/moments/09e0fa4744747883356c54d54c981a9e.jpeg',1,'2017-08-11 05:13:04','2017-08-11 05:14:06'),(14,14,20,NULL,'uploads/moments/e846a797f041cfe6712d1268b6271736.jpeg',1,'2017-08-11 05:13:29','2017-08-11 05:14:06'),(15,14,20,NULL,'uploads/moments/2e76e3894ef410b71737b55bdcc31a22.jpeg',1,'2017-08-11 05:13:29','2017-08-11 05:14:06'),(16,14,21,NULL,'uploads/moments/5c64574d0f87eca0dd84cf924e8bf890.jpeg',1,'2017-08-11 05:18:49','2017-08-11 05:20:04'),(17,14,21,NULL,'uploads/moments/fb1dd753b38e60faa0a842d5d838eb22.jpeg',1,'2017-08-11 05:19:28','2017-08-11 05:20:04'),(18,14,21,NULL,'uploads/moments/4696a7ab8fe82a5e284b9468a3a02f3d.jpeg',1,'2017-08-11 05:19:28','2018-03-01 07:15:35'),(19,14,21,NULL,'uploads/moments/e5af23a4ba04ecf1d575f030d8234f59.jpeg',1,'2017-08-11 05:19:38','2018-03-01 07:15:35'),(20,14,21,NULL,'uploads/moments/60b6a76898142e9e7d04c341002d296f.jpeg',1,'2017-08-11 05:19:38','2018-03-01 07:15:35'),(21,14,21,NULL,'uploads/moments/0bc639e536a2923eee7604d17e854707.jpeg',1,'2017-08-11 05:19:38','2018-03-01 07:15:35'),(22,24,25,NULL,'uploads/moments/f233cd00d19d91f9427a823bfe19bc7c.jpeg',1,'2017-08-11 11:39:08','2017-08-17 12:56:47'),(23,24,25,NULL,'uploads/moments/245156e112fdf42354cd727d7d2a2baf.jpeg',1,'2017-08-11 11:39:32','2017-08-17 12:56:47'),(24,24,25,NULL,'uploads/moments/d01297ec57a1be39a82eb6264a816d34.jpeg',1,'2017-08-11 11:39:32','2017-08-17 12:56:47'),(25,24,24,NULL,'uploads/moments/816c8016938a6c9f3d07af7f364637ff.jpeg',1,'2017-08-11 11:39:47','2017-08-17 12:56:57'),(26,24,24,NULL,'uploads/moments/47de7aa96f8bbde9de22c94896360781.jpeg',1,'2017-08-11 11:40:20','2017-08-17 12:56:57'),(27,24,24,NULL,'uploads/moments/a964dc0caadc712a46577342d8d4fac7.jpeg',1,'2017-08-11 11:40:20','2017-08-17 12:56:57'),(28,24,25,NULL,'uploads/moments/e08c8d2fab19f615a175c18dfdb996a5.jpeg',1,'2017-08-11 11:41:39','2017-08-17 12:56:47'),(29,24,25,NULL,'uploads/moments/a5c12ad7de0926ee3db1a2c89b47ceae.jpeg',1,'2017-08-11 11:42:36','2017-08-17 12:56:47'),(30,24,25,NULL,'uploads/moments/5f96c16f3ca9e4ccb93bcceed18731ab.jpeg',1,'2017-08-11 11:42:36','2017-08-17 12:56:47'),(31,24,25,NULL,'uploads/moments/d821227bb5cea33e147106266af2961f.jpeg',1,'2017-08-11 11:43:44','2017-08-17 12:56:47'),(32,24,25,NULL,'uploads/moments/676cf8cf0aa970628a7fbbd4519469e8.jpeg',1,'2017-08-11 11:44:55','2017-08-17 12:56:47'),(33,24,25,NULL,'uploads/moments/ea08ea5a4dfc5889f310c3efb0e282d1.jpeg',1,'2017-08-11 11:44:57','2017-08-17 12:56:47'),(34,24,25,NULL,'uploads/moments/f9f0266e0e59a2118a51a304454e0a3e.jpeg',1,'2017-08-11 11:44:57','2017-08-17 12:56:47'),(35,24,25,NULL,'uploads/moments/c271f328f9968bb1a84ec3f27834a906.jpeg',1,'2017-08-11 11:44:59','2017-08-17 12:56:47'),(36,24,25,NULL,'uploads/moments/d21abc8ee3ada5678199445e30259093.jpeg',1,'2017-08-11 11:44:59','2017-08-17 12:56:47'),(37,24,25,NULL,'uploads/moments/134c0844c992a6cd49485d005bfa62c4.jpeg',1,'2017-08-11 11:44:59','2017-08-17 12:56:47'),(38,24,25,NULL,'uploads/moments/230c5b7ae6bcd2db689c2b3a84a35e04.jpeg',1,'2017-08-11 11:45:01','2017-08-17 12:56:47'),(39,24,25,NULL,'uploads/moments/790011a564f9262fd40c6e5a8714d0e2.jpeg',1,'2017-08-11 11:45:01','2017-08-17 12:56:47'),(40,24,25,NULL,'uploads/moments/110ac576528fcb4cf266cfca9e94f165.jpeg',1,'2017-08-11 11:45:01','2017-08-17 12:56:47'),(41,24,25,NULL,'uploads/moments/c212b04f2059e77c1dad3842b37a1eec.jpeg',1,'2017-08-11 11:45:01','2017-08-17 12:56:47'),(42,24,24,NULL,'uploads/moments/6f211c86dfbee88661bc3b0a8fa086ea.jpeg',1,'2017-08-11 11:47:39','2017-08-17 12:56:57'),(43,24,24,NULL,'uploads/moments/5520159cc65be77ff54d0997ee6ee4d9.jpeg',1,'2017-08-11 11:47:53','2017-08-17 12:56:57'),(44,24,24,NULL,'uploads/moments/fa5a23dc5cdf2fb0b3f3db66a9161814.jpeg',1,'2017-08-11 11:47:53','2017-08-17 12:56:57'),(45,24,24,NULL,'uploads/moments/da1b077fa8ed65f789b73b425aeebe7d.jpeg',1,'2017-08-11 11:49:29','2017-08-17 12:56:57'),(46,24,24,NULL,'uploads/moments/553a833780c190c3e8ec0f9f5a8d5b2f.jpeg',1,'2017-08-11 11:53:53','2017-08-17 12:56:57'),(47,24,25,NULL,'uploads/moments/67aa5a35a2e566b4cca86bf37c124500.jpeg',1,'2017-08-11 12:04:12','2017-08-17 12:56:47'),(48,14,21,NULL,'uploads/moments/366f54d10fff13bc7feaccd9192bd860.jpeg',0,'2017-08-11 12:18:16',NULL),(49,14,21,NULL,'uploads/moments/53a6c6f1d1e9e0458c32e33ec4298770.jpeg',0,'2017-08-11 12:18:16',NULL),(50,14,21,NULL,'uploads/moments/1463181dbc516c5e4d2c0b0e2960ba66.jpeg',0,'2017-08-11 12:18:16',NULL),(51,14,21,NULL,'uploads/moments/105dc4f8d293e82761d1a48f7e7d6952.jpeg',0,'2017-08-11 12:18:16',NULL),(52,14,21,NULL,'uploads/moments/64c09ac9eaab72a3cf8768f15c1d8167.jpeg',1,'2017-08-11 12:21:11','2018-03-01 07:15:35'),(53,14,21,NULL,'uploads/moments/cc69acbef18fee9cc556a648d4c98d82.jpeg',1,'2017-08-11 12:21:11','2018-03-01 07:15:35'),(54,14,21,NULL,'uploads/moments/236aba4a5401be333b8775d61cf71479.jpeg',1,'2017-08-11 12:21:11','2018-03-01 07:15:35'),(55,14,21,NULL,'uploads/moments/81e91f1b4817b6ea9c1203e7ece7fcb9.jpeg',1,'2017-08-11 12:21:11','2018-03-01 07:15:35'),(56,14,21,NULL,'uploads/moments/7cb95afaed1b43b74156b2a0dfac2382.jpeg',0,'2017-08-11 12:27:18',NULL),(57,14,21,NULL,'uploads/moments/eca59adac864ea6cbaa9e80ff5459e88.jpeg',0,'2017-08-11 12:27:18',NULL),(58,14,21,NULL,'uploads/moments/236c45c1d7abf426e8858c24c17fedc5.jpeg',0,'2017-08-11 12:27:18',NULL),(59,14,21,NULL,'uploads/moments/6edad044ece58902fe878e092565f9cc.jpeg',1,'2017-08-11 12:27:18','2018-03-01 07:15:35'),(60,14,21,NULL,'uploads/moments/7c0b288c764a56f2b2b18f1edef6d305.jpeg',1,'2017-08-11 12:27:18','2018-03-01 07:15:35'),(61,1,3,NULL,'uploads/moments/acb88fb5f66dd6d19838447fe3ce9435.jpeg',1,'2017-08-14 11:47:03','2017-08-16 14:39:11'),(62,1,3,NULL,'uploads/moments/74d92bac1359c50c90a2378087c56978.jpeg',1,'2017-08-14 11:47:03','2017-08-16 14:39:11'),(63,1,3,NULL,'uploads/moments/e7598930fca71df62b3a2ff57042770e.jpeg',1,'2017-08-14 11:47:03','2017-08-16 14:39:11'),(64,1,3,NULL,'uploads/moments/dba9ab4668e12424f1fbebaae5498bae.jpeg',1,'2017-08-14 11:47:03','2017-08-16 14:39:11'),(65,1,3,NULL,'uploads/moments/a3b4eb87787c86a301eba520237a336b.jpeg',1,'2017-08-14 11:47:03','2017-08-16 14:39:11'),(66,1,3,NULL,'uploads/moments/d70035977035acd9d7e85423ab477c0a.jpeg',1,'2017-08-14 12:38:14','2017-08-16 14:39:11'),(67,1,3,NULL,'uploads/moments/0c72b2c9e70422ad3e457becc40c4a0b.jpeg',1,'2017-08-14 12:38:14','2017-08-16 14:39:11'),(68,1,3,NULL,'uploads/moments/2b4fca43f636b09531d248c3b8f68dd9.jpeg',1,'2017-08-14 12:38:14','2017-08-16 14:39:11'),(69,1,18,NULL,'uploads/moments/a5685aae74abcf206dcafaf28cbdf39a.jpeg',1,'2017-08-14 12:40:22','2017-08-16 14:45:40'),(70,1,18,NULL,'uploads/moments/f20a3cde19241adca4fc5b6fb9c8db9c.jpeg',1,'2017-08-14 12:40:22','2017-08-16 14:45:40'),(71,1,18,NULL,'uploads/moments/f1743101ef8960b8bea53dc7ddcc6bf6.jpeg',1,'2017-08-14 12:40:22','2017-08-16 14:45:40'),(72,1,18,NULL,'uploads/moments/d552be7de8db6c3ed02cfec611c210b3.jpeg',1,'2017-08-14 12:40:22','2017-08-16 14:45:40'),(73,1,26,NULL,'uploads/moments/da17e9d105f0f442ea2d3a2f78d96661.jpeg',1,'2017-08-14 12:41:57','2017-08-16 09:27:06'),(74,1,26,NULL,'uploads/moments/7dd0aae2d193ecd376aa61ba533e85a4.jpeg',1,'2017-08-14 12:41:57','2017-08-16 09:27:06'),(75,1,26,NULL,'uploads/moments/b22727edc544ba650a2264054461a052.jpeg',1,'2017-08-14 12:41:57','2017-08-16 09:27:06'),(76,1,26,NULL,'uploads/moments/521a0b4b59fe081a7b8752d24bc40772.jpeg',1,'2017-08-14 12:45:16','2017-08-16 09:27:06'),(77,1,26,NULL,'uploads/moments/b67167fe087d7452217c63202019dc55.jpeg',1,'2017-08-14 12:45:16','2017-08-16 09:27:06'),(78,1,26,NULL,'uploads/moments/0324557009f2cac51d6d901042a06b30.jpeg',1,'2017-08-14 12:45:16','2017-08-16 09:27:06'),(79,1,26,NULL,'uploads/moments/aab4a699f92a4c282aeb6de905bfc6b2.jpeg',1,'2017-08-14 12:45:36','2017-08-16 09:27:06'),(80,1,26,NULL,'uploads/moments/3f88682b37f42b2871295c1d4d5e391c.jpeg',1,'2017-08-14 12:45:36','2017-08-16 09:27:06'),(81,1,26,NULL,'uploads/moments/e6c4087085dea2c71477354df0edce31.jpeg',1,'2017-08-14 12:45:36','2017-08-16 09:27:06'),(82,1,26,NULL,'uploads/moments/f0962b2d5845ef09a7d71584c7db834b.jpeg',1,'2017-08-14 12:51:04','2017-08-16 09:27:06'),(83,1,26,NULL,'uploads/moments/43fb3f8cf2890082481c0b03ba0671c2.jpeg',1,'2017-08-14 12:51:04','2017-08-16 09:27:06'),(84,1,26,NULL,'uploads/moments/ee6ff6845d34146075d3f46023e9d51b.jpeg',1,'2017-08-14 12:51:04','2017-08-16 09:27:06'),(85,1,26,NULL,'uploads/moments/af5c8f64870cbcc209be16a3d87a2276.jpeg',1,'2017-08-16 04:54:30','2017-08-16 09:27:06'),(86,1,26,NULL,'uploads/moments/51789d5816bd9251bee428e9c119a05a.jpeg',1,'2017-08-16 04:54:30','2017-08-16 09:27:06'),(87,1,26,NULL,'uploads/moments/8d52cfff7bc73ece4c22baff724988b9.jpeg',1,'2017-08-16 04:54:30','2017-08-16 09:27:06'),(88,1,26,NULL,'uploads/moments/2cebbb84a6c3a102a5ef2fd447592080.jpeg',1,'2017-08-16 04:54:30','2017-08-16 09:27:06'),(89,1,26,NULL,'uploads/moments/0b55e31edc5c195bbe04b58b7f94dae1.jpeg',1,'2017-08-16 04:54:30','2017-08-16 09:27:06'),(90,1,26,NULL,'uploads/moments/6cc11e4c84fcadfbd03bac8fda74fabc.jpeg',1,'2017-08-16 04:55:49','2017-08-16 09:27:06'),(91,1,26,NULL,'uploads/moments/854efe0dba695af497c8b0c8327b22da.jpeg',1,'2017-08-16 04:55:49','2017-08-16 09:27:06'),(92,1,26,NULL,'uploads/moments/931d7ac08cc39c921df28f0b8e1631a7.jpeg',1,'2017-08-16 04:55:49','2017-08-16 09:27:06'),(93,1,26,NULL,'uploads/moments/2e6ea589c4543f1e94f054de9134d0a8.jpeg',1,'2017-08-16 04:55:49','2017-08-16 09:27:06'),(94,1,26,NULL,'uploads/moments/e1def259e6b2d43d889ca3f58dc3b710.jpeg',1,'2017-08-16 04:55:49','2017-08-16 09:27:06'),(95,1,26,NULL,'uploads/moments/37534b8672f855343056664be1d14cfb.jpeg',1,'2017-08-16 04:56:25','2017-08-16 09:27:06'),(96,1,26,NULL,'uploads/moments/b7136115d46ef7e473718a5c817230c8.jpeg',1,'2017-08-16 04:56:25','2017-08-16 09:27:06'),(97,1,26,NULL,'uploads/moments/04f66ae023e6704e3524299a2cd6b298.jpeg',1,'2017-08-16 04:56:25','2017-08-16 09:27:06'),(98,1,26,NULL,'uploads/moments/a59346db8cec12715f031f97e5600b65.jpeg',1,'2017-08-16 04:56:25','2017-08-16 09:27:06'),(99,1,26,NULL,'uploads/moments/320323c9cf77a627bd83a1413b7f73b4.jpeg',1,'2017-08-16 04:56:25','2017-08-16 09:27:06'),(100,1,26,NULL,'uploads/moments/21371534abb83eb3721c06fb643cc447.jpeg',1,'2017-08-16 04:58:03','2017-08-16 09:27:06'),(101,1,26,NULL,'uploads/moments/bf8623da9933516789f4fd1b33ee6550.jpeg',1,'2017-08-16 04:58:03','2017-08-16 09:27:06'),(102,1,26,NULL,'uploads/moments/ba80b40149d2bcbd158b59096227c962.jpeg',1,'2017-08-16 04:58:03','2017-08-16 09:27:06'),(103,1,26,NULL,'uploads/moments/205e6d03866134cfe556b2961fc13848.jpeg',1,'2017-08-16 04:58:03','2017-08-16 09:27:06'),(104,1,26,NULL,'uploads/moments/864d02bce3673cc09f7b0f4b132abd9f.jpeg',1,'2017-08-16 04:58:03','2017-08-16 09:27:06'),(105,1,18,NULL,'uploads/moments/44b018013ec1874962e59a19b59f7d4a.jpeg',1,'2017-08-16 07:05:01','2017-08-16 14:45:40'),(106,1,18,NULL,'uploads/moments/5a3083ecdc2454a44ca595eee24cdfea.jpeg',1,'2017-08-16 07:05:01','2017-08-16 14:45:40'),(107,1,18,NULL,'uploads/moments/e64b619ad6bafbdab04a468626eadd6c.jpeg',1,'2017-08-16 07:05:01','2017-08-16 14:45:40'),(108,1,26,NULL,'uploads/moments/becde73c835524938e2a6fdef9e93ef6.jpeg',1,'2017-08-16 07:06:31','2017-08-16 09:27:06'),(109,1,26,NULL,'uploads/moments/d187f9f90bdc358abb2738b2e245ec97.jpeg',1,'2017-08-16 07:06:31','2017-08-16 09:27:06'),(110,1,26,NULL,'uploads/moments/7b2e789106cd46874631c354eef296f0.jpeg',1,'2017-08-16 07:06:31','2017-08-16 09:27:06'),(111,1,26,NULL,'uploads/moments/265d541f1cbcde3ca5444516f64a4653.jpeg',1,'2017-08-16 07:06:31','2017-08-16 09:27:06'),(112,1,26,NULL,'uploads/moments/5db81cf6b3d99b9038314186f23b6ada.jpeg',1,'2017-08-16 07:06:31','2017-08-16 09:27:06'),(113,1,18,NULL,'uploads/moments/590ce3d73ea50dbfc914e417f60a6049.jpeg',1,'2017-08-16 07:09:40','2017-08-16 14:45:40'),(114,1,18,NULL,'uploads/moments/07883741e01097f8fffa889fb46143b0.jpeg',1,'2017-08-16 07:09:40','2017-08-16 14:45:40'),(115,1,18,NULL,'uploads/moments/fc6e1611ae1f61481a8760fe59d003a8.jpeg',1,'2017-08-16 07:09:40','2017-08-16 14:45:40'),(116,1,18,NULL,'uploads/moments/041b56d680955076eaa73c540739fb27.jpeg',1,'2017-08-16 07:09:40','2017-08-16 14:45:40'),(117,1,18,NULL,'uploads/moments/f00913a52076229cfbc72095107f87bc.jpeg',1,'2017-08-16 07:11:24','2017-08-16 14:45:40'),(118,1,18,NULL,'uploads/moments/110554d93078884a196db6671c808f7e.jpeg',1,'2017-08-16 07:11:24','2017-08-16 14:45:40'),(119,1,18,NULL,'uploads/moments/efad8929abf0625ed5df6e560590cd05.jpeg',1,'2017-08-16 07:11:24','2017-08-16 14:45:40'),(120,1,26,NULL,'uploads/moments/2a5b1cd1e1646203f08206981ac3e8b1.jpeg',1,'2017-08-16 08:42:16','2017-08-16 09:27:06'),(121,1,26,NULL,'uploads/moments/902ed63a1504fe3f635fc10194bb3c5a.jpeg',1,'2017-08-16 08:42:40','2017-08-16 09:27:06'),(122,1,18,NULL,'uploads/moments/19d04dc681835c2e888af7dacf9ee439.jpeg',1,'2017-08-16 08:50:59','2017-08-16 14:45:40'),(123,1,18,NULL,'uploads/moments/bce194521d3fabeb92dd2c4a4807238f.jpeg',1,'2017-08-16 08:51:46','2017-08-16 14:45:40'),(124,1,18,NULL,'uploads/moments/54fab6484ff376a06e46117f8ae452e0.jpeg',1,'2017-08-16 09:09:29','2017-08-16 14:45:40'),(125,1,18,NULL,'uploads/moments/31b75e7d2e271da955a13eabcab4c0d5.jpeg',1,'2017-08-16 09:09:36','2017-08-16 14:45:40'),(126,1,18,NULL,'uploads/moments/3f1933b7032c9d6d62eb3677568d139d.jpeg',1,'2017-08-16 09:10:01','2017-08-16 14:45:40'),(127,1,18,NULL,'uploads/moments/9fa5a42f0b2f6d5b6514c2cb55d2bb24.jpeg',1,'2017-08-16 09:10:08','2017-08-16 14:45:40'),(128,1,18,NULL,'uploads/moments/0c7e5d88a1ede873ab6610f54a723a45.jpeg',1,'2017-08-16 09:10:50','2017-08-16 14:45:40'),(129,24,25,NULL,'uploads/moments/46fedda493e48c9b1fd6b91d2942bd6b.jpeg',1,'2017-08-16 10:21:54','2017-08-17 12:56:47'),(130,24,25,NULL,'uploads/moments/f295b78b413729ad029a8adfe1be84ff.jpeg',1,'2017-08-16 10:22:06','2017-08-17 12:56:47'),(131,24,25,NULL,'uploads/moments/d31c8d4a5472f926abb06a2f9eae5ef6.jpeg',1,'2017-08-16 10:22:44','2017-08-17 12:56:47'),(132,24,25,NULL,'uploads/moments/8a8b19275ff38811db4d6f56e0df4557.jpeg',1,'2017-08-16 10:22:48','2017-08-17 12:56:47'),(133,24,25,NULL,'uploads/moments/c01b24eb82487f534fdc6ec5ebea7de6.jpeg',1,'2017-08-16 10:22:59','2017-08-17 12:56:47'),(134,24,25,NULL,'uploads/moments/92c5ca9ad713f31811f993d6fb4fed7b.jpeg',1,'2017-08-16 10:28:06','2017-08-17 12:56:47'),(135,24,25,NULL,'uploads/moments/b69df77fc9efe0556ebd46ee3dd1d7d2.jpeg',1,'2017-08-16 10:28:21','2017-08-17 12:56:47'),(136,24,25,NULL,'uploads/moments/ce179c1953d26adc0ab15079e853101f.jpeg',1,'2017-08-16 10:28:39','2017-08-17 12:56:47'),(137,24,25,NULL,'uploads/moments/2149074aec24eee3f3ea7010426e3ec0.jpeg',1,'2017-08-16 10:28:45','2017-08-17 12:56:47'),(138,24,25,NULL,'uploads/moments/f7f71e6f05b669f842ce71959b77d983.jpeg',1,'2017-08-16 10:28:50','2017-08-17 12:56:47'),(139,24,25,NULL,'uploads/moments/285de6eb23a193900382b33cc07a35f7.jpeg',1,'2017-08-16 10:29:22','2017-08-17 12:56:47'),(140,24,25,NULL,'uploads/moments/1ea47d24bf694ca0024fe11e9dbc9c7e.jpeg',1,'2017-08-16 10:30:11','2017-08-17 12:56:47'),(141,24,25,NULL,'uploads/moments/73496806fc8aa384c8e286e401ee7018.jpeg',1,'2017-08-16 10:30:14','2017-08-17 12:56:47'),(142,24,25,NULL,'uploads/moments/c185b41fc3e4a8ffc5eab282a0fcd770.jpeg',1,'2017-08-16 10:30:17','2017-08-17 12:56:47'),(143,24,25,NULL,'uploads/moments/ef9d59e1ee9b90dc75b0b5d09bd43ba9.jpeg',1,'2017-08-16 10:30:19','2017-08-17 12:56:47'),(144,24,25,NULL,'uploads/moments/99777854f91f3a002abf907a922270ee.jpeg',1,'2017-08-16 10:30:21','2017-08-17 12:56:47'),(145,24,25,NULL,'uploads/moments/fd22890f6d075d9626b85fe51ad8afd8.jpeg',1,'2017-08-16 10:30:24','2017-08-17 12:56:47'),(146,24,25,NULL,'uploads/moments/a94eb52eae0c8cb7f1b89b963e54073c.jpeg',1,'2017-08-16 10:30:27','2017-08-17 12:56:47'),(147,24,25,NULL,'uploads/moments/687206c4702fd1a44b2a9d615882255c.jpeg',1,'2017-08-16 10:30:29','2017-08-17 12:56:47'),(148,24,25,NULL,'uploads/moments/51304ad25467a8d3bdeca1c30156129f.jpeg',1,'2017-08-16 10:30:32','2017-08-17 12:56:47'),(149,24,25,NULL,'uploads/moments/756df47ce7ab37e172e17b70dfd89f11.jpeg',1,'2017-08-16 10:31:29','2017-08-17 12:56:47'),(150,24,25,NULL,'uploads/moments/3fefc9606a67599e2ee9f8609a0761e0.jpeg',1,'2017-08-16 10:31:51','2017-08-17 12:56:47'),(151,24,25,NULL,'uploads/moments/d679e5dc527c3ee8113924711e76fb8b.jpeg',1,'2017-08-16 10:32:02','2017-08-17 12:56:47'),(152,24,25,NULL,'uploads/moments/73c9a6d3f23e8104cfde85fdea635951.jpeg',1,'2017-08-16 10:32:23','2017-08-17 12:56:47'),(153,24,25,NULL,'uploads/moments/1b072333306dffb27a4dc05ba027a3d7.jpeg',1,'2017-08-16 10:32:25','2017-08-17 12:56:47'),(154,24,25,NULL,'uploads/moments/89bade15f464f5c8dfb6950ad3b5c6f3.jpeg',1,'2017-08-16 10:32:27','2017-08-17 12:56:47'),(155,24,25,NULL,'uploads/moments/d91babebbac7fcf64ea1f485d82f31c6.jpeg',1,'2017-08-16 10:32:29','2017-08-17 12:56:47'),(156,24,25,NULL,'uploads/moments/cd7dc8d5d549f8850e0484acfaf99e82.jpeg',1,'2017-08-16 10:32:40','2017-08-17 12:56:47'),(157,24,25,NULL,'uploads/moments/3bc190c4754423def0830652f600190a.jpeg',1,'2017-08-16 10:33:23','2017-08-17 12:56:47'),(158,24,25,NULL,'uploads/moments/e50127d2f447eda3f5c60f0b4fd79473.jpeg',1,'2017-08-16 10:34:28','2017-08-17 12:56:47'),(159,24,25,NULL,'uploads/moments/e11c0d27a9d920e90b15fcaf0abdc449.jpeg',1,'2017-08-16 10:34:32','2017-08-17 12:56:47'),(160,24,25,NULL,'uploads/moments/4b53f7e92a8e12d99954949333fe27ae.jpeg',1,'2017-08-16 10:34:34','2017-08-17 12:56:47'),(161,24,25,NULL,'uploads/moments/fcd6e3d08ecc047a670c9d3c0a188e0c.jpeg',1,'2017-08-16 10:34:38','2017-08-17 12:56:47'),(162,24,25,NULL,'uploads/moments/cda929be5259dc293677c74ef2b7997a.jpeg',1,'2017-08-16 10:35:02','2017-08-17 12:56:47'),(163,24,25,NULL,'uploads/moments/3ca622f481c57a88b6615b612a9986d2.jpeg',1,'2017-08-16 10:35:28','2017-08-17 12:56:47'),(164,24,25,NULL,'uploads/moments/7f21fb331179fc079d530e45adcb899c.jpeg',1,'2017-08-16 10:35:32','2017-08-17 12:56:47'),(165,24,24,NULL,'uploads/moments/f946f03f8df7eac15e172002607158bc.jpeg',1,'2017-08-16 10:39:25','2017-08-17 12:56:57'),(166,24,24,NULL,'uploads/moments/7791fe301de68458e55f24775ab7e39a.jpeg',1,'2017-08-16 10:39:30','2017-08-17 12:56:57'),(167,24,24,NULL,'uploads/moments/1303e61d6b7c6a8763eeb2153a7f64c0.jpeg',1,'2017-08-16 10:39:43','2017-08-17 12:56:57'),(168,24,24,NULL,'uploads/moments/02b821f4bb0e00fdcd0407bec1dd0ab4.jpeg',1,'2017-08-16 10:43:01','2017-08-17 12:56:57'),(169,24,24,NULL,'uploads/moments/d0d64037773458c107323e5bb41ec23f.jpeg',1,'2017-08-16 10:43:08','2017-08-17 12:56:57'),(170,24,27,NULL,'uploads/moments/42468de5a8b46fb4bff1959613b2df0b.jpeg',1,'2017-08-16 10:45:45','2017-08-17 12:56:43'),(171,24,25,NULL,'uploads/moments/2501f644fae644c6f523a283bb7fd761.jpeg',1,'2017-08-16 10:56:50','2017-08-17 12:56:47'),(172,24,24,NULL,'uploads/moments/5d52295057015f8c5230117b337a7437.jpeg',1,'2017-08-16 11:32:38','2017-08-17 12:56:57'),(173,24,24,NULL,'uploads/moments/bb2e19e7f01cb904340585c68ed7a3f1.jpeg',1,'2017-08-16 11:33:06','2017-08-17 12:56:57'),(174,24,30,NULL,'uploads/moments/1856b25bc0349960e6360173be843baa.jpeg',1,'2017-08-16 11:52:57','2017-08-17 12:56:01'),(175,24,30,NULL,'uploads/moments/97f8475c6b4c7d560e277a5da07c232e.jpeg',1,'2017-08-16 12:22:16','2017-08-17 12:56:01'),(176,1,18,NULL,'uploads/moments/3bb380d08ff54e035bfab99078c2a8f0.jpeg',1,'2017-08-16 12:36:24','2017-08-16 14:45:40'),(177,1,3,NULL,'uploads/moments/fd1c70b67d490e14924a4d3348c3d148.jpeg',1,'2017-08-16 12:37:21','2017-08-16 14:39:11'),(178,1,18,NULL,'uploads/moments/99a9958e1cedb6ac826e55ac1de33354.jpeg',1,'2017-08-16 12:39:20','2017-08-16 14:45:40'),(179,1,18,NULL,'uploads/moments/77f965becacdaf86b8f87a828ed6e680.jpeg',1,'2017-08-16 12:45:52','2017-08-16 14:45:40'),(180,1,3,NULL,'uploads/moments/6c5464be33d5c86927ee55294d20fd47.jpeg',1,'2017-08-16 14:15:33','2017-08-16 14:39:11'),(181,1,18,NULL,'uploads/moments/df4b493002fea2fd13dc64962e3e47cc.jpeg',1,'2017-08-16 14:25:22','2017-08-16 14:45:40'),(182,1,33,NULL,'uploads/moments/1119737143e1895bd8e7427bcac8d786.jpeg',1,'2017-08-17 09:59:32','2017-08-24 06:43:02'),(183,24,34,NULL,'uploads/moments/af6391bd678eac6fcbe43e474eaa6f1c.jpeg',1,'2017-08-18 06:56:39','2017-08-18 06:57:05'),(184,24,34,NULL,'uploads/moments/3102c2d4b2196c412f0535f40d488c56.jpeg',1,'2017-08-18 06:56:58','2017-08-18 06:57:05'),(185,24,34,NULL,'uploads/moments/a75b063d33c932de8f8d9e841c382580.jpeg',1,'2017-08-18 06:57:31','2017-08-18 06:57:36'),(186,24,34,NULL,'uploads/moments/e4b048921a7a84541033e86f24707c1d.jpeg',1,'2017-08-18 06:58:52','2017-08-18 07:01:45'),(187,24,34,NULL,'uploads/moments/486d26aa76c748b0f2bcd0488c9656a5.jpeg',1,'2017-08-18 06:58:53','2017-08-18 07:01:51'),(188,24,34,NULL,'uploads/moments/659ea1c185cca0ce58154e1a45bac34d.jpeg',1,'2017-08-18 06:58:53','2017-08-18 07:01:45'),(189,24,34,NULL,'uploads/moments/106721c1030f5d099fa2efbeb125004a.jpeg',1,'2017-08-18 06:59:02','2017-08-18 07:01:45'),(190,24,40,NULL,'uploads/moments/f5d31580ea060c6fe7192a3003e0b4d5.jpeg',0,'2017-08-18 07:05:46',NULL),(191,24,40,NULL,'uploads/moments/e9725fa65c37f30765e1c55ce80b9830.jpeg',0,'2017-08-18 07:06:03',NULL),(192,24,39,NULL,'uploads/moments/4b2e04cd2691afaa9fbc5a11e2a7e55e.jpeg',0,'2017-08-18 07:27:56',NULL),(193,24,39,NULL,'uploads/moments/5aad88869329b729af92f5f106f6226b.jpeg',0,'2017-08-18 07:28:20',NULL),(194,24,34,NULL,'uploads/moments/ce2ded01b6785b1781a597d683df9310.jpeg',0,'2017-08-18 07:29:12',NULL),(195,24,34,NULL,'uploads/moments/c4a8478506e7123018290dbd7b0e1fca.jpeg',0,'2017-08-18 07:29:21',NULL),(196,22,16,NULL,'uploads/moments/d0ba228b05d1d9073074cb3618563c14.jpeg',1,'2017-08-18 10:46:55','2017-08-18 10:47:10'),(197,22,16,NULL,'uploads/moments/f697dd1b01cb36341e6137ae98986c58.jpeg',1,'2017-08-18 10:46:58','2017-08-18 10:47:10'),(198,22,16,NULL,'uploads/moments/e78ebbb5371ab2f316e025459860b2f9.jpeg',1,'2017-08-18 10:47:00','2017-08-18 10:47:10'),(199,22,16,NULL,'uploads/moments/f65228d89b19152815d3c92a4afd491a.jpeg',1,'2017-08-18 10:47:02','2017-08-18 10:47:10'),(200,22,16,NULL,'uploads/moments/d02dc5ba03e5fd8cf0076b13e77f7fdb.jpeg',1,'2017-08-18 10:48:54','2017-08-18 10:51:06'),(201,22,16,NULL,'uploads/moments/1d5aa8cc090de21a58d300a64362eb9d.jpeg',1,'2017-08-18 10:49:33','2017-08-18 10:51:06'),(202,22,16,NULL,'uploads/moments/9dc1b613133492a5cfe00185e83ccdc8.jpeg',1,'2017-08-18 10:56:15','2017-08-18 10:56:37'),(203,22,16,NULL,'uploads/moments/9c115d8172f737f60d7e0896c393fea7.jpeg',1,'2017-08-18 10:56:18','2017-08-18 10:56:37'),(204,22,16,NULL,'uploads/moments/605799d54521d565edc479898517aa08.jpeg',1,'2017-08-18 10:56:20','2017-08-18 10:56:37'),(205,22,16,NULL,'uploads/moments/62085afe4b6c6a7ebfc1cf35a5cbf3d9.jpeg',1,'2017-08-18 10:56:22','2017-08-18 10:56:37'),(206,22,16,NULL,'uploads/moments/c281d5f7069b6a34faedafc902ec9221.jpeg',1,'2017-08-18 10:56:26','2017-08-18 10:56:37'),(207,22,16,NULL,'uploads/moments/c94d3c863aec6829ae10fdc7321ec106.jpeg',1,'2017-08-18 10:56:50','2017-08-18 10:57:15'),(208,22,16,NULL,'uploads/moments/6da6d6faeead3ff715511ce67c7e6baf.jpeg',1,'2017-08-18 10:56:52','2017-08-18 10:57:37'),(209,22,16,NULL,'uploads/moments/67f36dd56c0d58735c760330dfc3d3e7.jpeg',1,'2017-08-18 10:56:54','2017-08-18 10:57:28'),(210,22,16,NULL,'uploads/moments/4b2cff476f927eb5e2a4580e05b57d15.jpeg',1,'2017-08-18 10:56:59','2017-08-18 10:57:15'),(211,22,16,NULL,'uploads/moments/84c3490eb38cb16369f6ab665d4e6107.jpeg',1,'2017-08-18 10:57:02','2017-08-18 10:57:15'),(212,22,16,NULL,'uploads/moments/0d2f7a3f78992f017840053808da3fa9.jpeg',1,'2017-08-18 10:57:04','2017-08-18 10:57:37'),(213,22,16,NULL,'uploads/moments/3b25b997e35827a02df4bfe7642f322a.jpeg',1,'2017-08-18 10:57:07','2017-08-18 10:57:37'),(214,22,16,NULL,'uploads/moments/5e7eeb55854ffc0af946a0d17937e67f.jpeg',1,'2017-08-18 11:10:53','2017-08-18 11:11:21'),(215,22,16,NULL,'uploads/moments/52a9d45d8b6c519eb925184938fea080.jpeg',1,'2017-08-18 11:10:56','2017-08-18 11:11:21'),(216,22,16,NULL,'uploads/moments/8a8366a71b81359fe132b7e4d474f3d1.jpeg',1,'2017-08-18 11:10:58','2017-08-18 11:11:16'),(217,22,16,NULL,'uploads/moments/6bdfbaafe69e89f5dfc31890d598d71c.jpeg',1,'2017-08-18 11:11:00','2017-08-18 11:11:16'),(218,22,16,NULL,'uploads/moments/43433d90380ae801c8548b4654f73d93.jpeg',1,'2017-08-18 11:11:03','2017-08-18 11:11:16'),(219,22,16,NULL,'uploads/moments/9d193d8f94c43daf33ba8ddc9bd6075f.jpeg',1,'2017-08-18 12:09:30','2017-08-18 12:09:36'),(220,22,16,NULL,'uploads/moments/faae68edd0b4a5642c2c6c805c12356b.jpeg',1,'2017-08-18 12:09:52','2017-08-18 12:10:07'),(221,22,16,NULL,'uploads/moments/23513252bc29744f501aeea4964078c2.jpeg',1,'2017-08-18 12:09:54','2017-08-18 12:10:07'),(222,22,16,NULL,'uploads/moments/329b9b1d9e0f5275db1613a1f29a80ae.jpeg',1,'2017-08-18 12:09:56','2017-08-18 12:10:07'),(223,22,16,NULL,'uploads/moments/2ba48adf4226ac7efcada22a8b327ac6.jpeg',1,'2017-08-18 12:09:58','2017-08-18 12:10:07'),(224,22,16,NULL,'uploads/moments/be3d95175e8d7af2427aa8df57f35a9f.jpeg',1,'2017-08-18 12:10:00','2017-08-18 12:10:07'),(225,1,33,NULL,'uploads/moments/db53ebdca7327050af2f0cbd78f574d7.jpeg',1,'2017-08-22 05:47:03','2017-08-24 06:43:02'),(226,1,33,NULL,'uploads/moments/9225dd1b381593c95f358c9866bac945.jpeg',1,'2017-08-22 05:47:03','2017-08-24 06:43:02'),(227,1,NULL,1,'uploads/moments/0dc2a533b6cc22220d0be1febc2aa5d3.jpeg',0,'2017-08-22 05:54:03',NULL),(228,1,NULL,1,'uploads/moments/3c02a81fa8c6635df7c2fb512f5d7848.jpeg',0,'2017-08-22 05:54:03',NULL),(229,22,16,NULL,'uploads/moments/13e62dc859723e39d3f15261670743d6.jpeg',0,'2017-08-22 10:52:26',NULL),(230,1,NULL,1,'uploads/moments/41257d3b14e7a996cab7af6e9fc69d3c.jpeg',0,'2017-08-22 11:25:51',NULL),(231,1,NULL,1,'uploads/moments/f4e3003d567b58bb1afcec9476e15607.jpeg',1,'2017-08-22 11:25:51','2017-08-22 13:40:02'),(232,1,33,NULL,'uploads/moments/3178785e762e8687da719112d9f076a6.jpeg',1,'2017-08-22 11:26:13','2017-08-24 06:43:02'),(233,1,33,NULL,'uploads/moments/6ea9931abe26643b92df7ff9ccb97436.jpeg',1,'2017-08-22 11:26:13','2017-08-24 06:43:02'),(234,22,10,0,'uploads/moments/b067182b964370857c7d744a112c4870.jpeg',1,'2017-08-22 12:02:58','2017-08-22 12:14:00'),(235,22,10,0,'uploads/moments/e5d91a46b477d9977665b26847c829ea.jpeg',1,'2017-08-22 12:03:02','2017-08-22 12:14:00'),(236,22,10,0,'uploads/moments/9a2c6720830443cd93c96b4fef7440aa.jpeg',1,'2017-08-22 12:03:02','2017-08-22 12:14:00'),(237,22,10,0,'uploads/moments/c0fbadbf0167940e442cc931a3f5c85d.jpeg',1,'2017-08-22 12:03:07','2017-08-22 12:14:00'),(238,22,10,0,'uploads/moments/d9aecc78347c365088892b4fe066dc9d.jpeg',1,'2017-08-22 12:03:07','2017-08-22 12:14:00'),(239,22,10,0,'uploads/moments/72600b90cdaf575ac9ac71fc4208bb44.jpeg',1,'2017-08-22 12:03:07','2017-08-22 12:14:00'),(240,22,10,0,'uploads/moments/b0f5b8cb3a38425c2132a713b8103e94.jpeg',1,'2017-08-22 12:03:24','2017-08-22 12:14:00'),(241,22,10,0,'uploads/moments/611b9381c00cc82352051cca7bff91c2.jpeg',1,'2017-08-22 12:03:24','2017-08-22 12:14:00'),(242,22,10,0,'uploads/moments/fa5a3bd0e401a801666ffd1852eeb836.jpeg',1,'2017-08-22 12:03:24','2017-08-22 12:14:00'),(243,22,10,0,'uploads/moments/4bc33cf06b14568bcd353b6d9d1ec30a.jpeg',1,'2017-08-22 12:03:24','2017-08-22 12:14:00'),(244,22,10,0,'uploads/moments/ced55beb96b608269c58084c53b66512.jpeg',1,'2017-08-22 12:03:38','2017-08-22 12:14:00'),(245,22,10,0,'uploads/moments/76f7f5880a4e71fdf10d3ded547a776e.jpeg',1,'2017-08-22 12:03:38','2017-08-22 12:14:00'),(246,22,10,0,'uploads/moments/740aa745ae4022520c304192259b1783.jpeg',1,'2017-08-22 12:03:38','2017-08-22 12:14:00'),(247,22,10,0,'uploads/moments/4f5635f9a29345c2eb65b10cd21e687b.jpeg',1,'2017-08-22 12:03:38','2017-08-22 12:14:00'),(248,22,10,0,'uploads/moments/d19a0f693a2df37ce778c557599dcbf4.jpeg',1,'2017-08-22 12:03:38','2017-08-22 12:14:00'),(249,22,10,0,'uploads/moments/cbc0d57eba1a000ee265bf5db22a1a67.jpeg',1,'2017-08-22 12:04:14','2017-08-22 12:14:00'),(250,22,10,0,'uploads/moments/811cbc0ecbd9bacce39ea89c4c519bf6.jpeg',1,'2017-08-22 12:04:14','2017-08-22 12:14:00'),(251,22,10,0,'uploads/moments/3ef6f16b9c7b356d3d05b9a3072fd4e9.jpeg',1,'2017-08-22 12:04:14','2017-08-22 12:14:00'),(252,22,10,0,'uploads/moments/f974f0740d7917d1fdc8a6b586e932fb.jpeg',1,'2017-08-22 12:04:14','2017-08-22 12:14:00'),(253,22,10,0,'uploads/moments/39dce730ee977838b0328171dc541c72.jpeg',1,'2017-08-22 12:04:14','2017-08-22 12:14:00'),(254,22,10,0,'uploads/moments/0fe91ff270b365d2e3436e344d3e4232.jpeg',1,'2017-08-22 12:04:14','2017-08-22 12:14:00'),(255,22,10,0,'uploads/moments/c54d81886e9ce5317ba19b836cb1a0a2.jpeg',1,'2017-08-22 12:05:02','2017-08-22 12:14:00'),(256,22,10,0,'uploads/moments/0f0a07b6876be6752d80645882b7c745.jpeg',1,'2017-08-22 12:05:02','2017-08-22 12:14:00'),(257,22,10,0,'uploads/moments/35796c001f6eec46869a30b9fadfcd19.jpeg',1,'2017-08-22 12:05:02','2017-08-22 12:14:00'),(258,22,10,0,'uploads/moments/44dcb2ab709654e04789723fa15f130f.jpeg',1,'2017-08-22 12:05:02','2017-08-22 12:14:00'),(259,22,10,0,'uploads/moments/5f40ea281d830cdb67012f539f2b81c3.jpeg',1,'2017-08-22 12:05:02','2017-08-22 12:14:00'),(260,22,10,0,'uploads/moments/93e13e290089c41ecc17fac12d8176ba.jpeg',1,'2017-08-22 12:05:02','2017-08-22 12:14:00'),(261,22,10,0,'uploads/moments/92cb766a279b54bb3af04384dc5e1952.jpeg',1,'2017-08-22 12:05:02','2017-08-22 12:14:00'),(262,22,10,0,'uploads/moments/fadabc0dbcee2a69efbfc3aedfca2ef7.jpeg',1,'2017-08-22 12:14:16','2017-08-22 12:14:38'),(263,22,10,0,'uploads/moments/a3ba231bc5f860cb1ca1f27d15b4f454.jpeg',1,'2017-08-22 12:14:31','2017-08-22 12:15:36'),(264,22,10,0,'uploads/moments/f5877f0ed10b7406cf248596c9360dd9.jpeg',1,'2017-08-22 12:14:31','2017-08-22 12:14:38'),(265,22,10,0,'uploads/moments/b60b2c793249f3da3d4401069c4bf97f.jpeg',1,'2017-08-22 12:14:48','2017-08-22 12:15:36'),(266,22,10,0,'uploads/moments/0539310d811d32ed6bb923e373defeb0.jpeg',1,'2017-08-22 12:14:48','2017-08-22 12:15:36'),(267,22,10,0,'uploads/moments/83bdc2fb9aa20da29f2ef4651c5c188f.jpeg',1,'2017-08-22 12:14:48','2017-08-22 12:15:36'),(268,22,10,0,'uploads/moments/4e3e2b2598ed9fb7f052723b0652b44d.jpeg',1,'2017-08-22 12:15:46','2017-08-22 12:15:54'),(269,22,10,0,'uploads/moments/319b6e6b5ac7093009069ae2c52be526.jpeg',1,'2017-08-22 12:15:46','2017-08-22 12:15:54'),(270,22,10,0,'uploads/moments/7e9ceb3b58c8c03bf81d3bd9aa973d65.jpeg',1,'2017-08-22 12:15:46','2017-08-22 12:15:54'),(271,22,10,0,'uploads/moments/6adef93c26510d094fae2ae516705f90.jpeg',1,'2017-08-22 12:15:46','2017-08-22 12:15:54'),(272,22,10,0,'uploads/moments/bbb20fa40576e56196df926734bd982e.jpeg',1,'2017-08-22 12:16:07','2017-08-22 12:17:41'),(273,22,10,0,'uploads/moments/899c01c4bc42b53fdb159648394e8d86.jpeg',1,'2017-08-22 12:16:07','2017-08-22 12:17:41'),(274,22,10,0,'uploads/moments/42b2b761c0f61bfdc13fce8e1bc70328.jpeg',1,'2017-08-22 12:16:07','2017-08-22 12:17:41'),(275,22,10,0,'uploads/moments/d46cbff4b0a48fcb1450080db3b7455a.jpeg',1,'2017-08-22 12:16:07','2017-08-22 12:17:41'),(276,22,10,0,'uploads/moments/585dfc88caa06137c50c8496f47ea896.jpeg',1,'2017-08-22 12:16:07','2017-08-22 12:17:41'),(277,22,10,0,'uploads/moments/a331115fb490d19c4f0af3cba3761eb9.jpeg',0,'2017-08-22 12:17:51',NULL),(278,22,10,0,'uploads/moments/012e3ceb38edf7e9862110d9c9988418.jpeg',0,'2017-08-22 12:17:51',NULL),(279,22,10,0,'uploads/moments/e27d96fd7a3db4469bb48deeb1ea5b8e.jpeg',0,'2017-08-22 12:17:51',NULL),(280,22,10,0,'uploads/moments/b1a30e8e039820dcd245a3961661d6b5.jpeg',0,'2017-08-22 12:17:51',NULL),(281,22,10,0,'uploads/moments/b53a11366009d525e0d560ca1ad972c1.jpeg',0,'2017-08-22 12:17:51',NULL),(282,22,10,0,'uploads/moments/185f78cfa56e0dfdfd56d04e928a788e.jpeg',0,'2017-08-22 12:17:51',NULL),(283,22,9,0,'uploads/moments/37d17da4689546cd9df006d32db81c43.jpeg',0,'2017-08-22 12:18:25',NULL),(284,22,9,0,'uploads/moments/246aff21a493c099e713104a1ec2c5aa.jpeg',0,'2017-08-22 12:18:36',NULL),(285,22,9,0,'uploads/moments/724909188ce5eff475d7ff43df734025.jpeg',0,'2017-08-22 12:18:36',NULL),(286,22,16,0,'uploads/moments/4ed0f1401ac706a12a2a6523c861e29a.jpeg',0,'2017-08-22 12:18:58',NULL),(287,22,9,0,'uploads/moments/4d3bfecd0a17bee41fc09a4e8f35d6e9.jpeg',0,'2017-08-22 12:20:32',NULL),(288,1,NULL,45,'uploads/moments/177c877cd43efa62433c865bad21e05f.jpeg',1,'2017-08-24 08:09:14','2017-08-29 05:24:06'),(289,1,NULL,45,'uploads/moments/a6ff4de5c365749dcc6dd40b4d4b4511.jpeg',1,'2017-08-24 08:42:57','2017-08-29 05:24:06'),(290,1,45,NULL,'uploads/moments/6331b5b57740a46abb69e381612f0759.jpeg',0,'2017-08-24 09:10:47',NULL),(291,1,45,NULL,'uploads/moments/db7b5a1fa912964529e4486de2061536.jpeg',0,'2017-08-24 09:10:53',NULL),(292,1,45,NULL,'uploads/moments/429f595a34b207a776f5e6876ef69c36.jpeg',1,'2017-08-24 09:10:56','2017-08-24 09:11:08'),(293,1,NULL,45,'uploads/moments/2c8b3cf04c3aa58421e4a7da121e544a.jpeg',0,'2017-08-24 09:12:09',NULL),(294,1,NULL,45,'uploads/moments/3f9e4ae3bed8850a8287ff5c230a6c6c.jpeg',0,'2017-08-24 09:12:28',NULL),(295,1,NULL,45,'uploads/moments/8b274b97de1cebcdd3c8eb60f00028b3.jpeg',0,'2017-08-24 09:12:31',NULL),(296,1,NULL,45,'uploads/moments/5402d86be657308ef37ae103e1aff8d5.jpeg',0,'2017-08-24 10:19:20',NULL),(297,1,NULL,45,'uploads/moments/acb89ee25594980c372d5eb2e38eb0ce.jpeg',0,'2017-08-24 10:19:31',NULL),(298,1,NULL,45,'uploads/moments/dbcbb66a9e9a434a26d94cafc6ca2b28.jpeg',0,'2017-08-24 10:19:43',NULL),(299,22,9,0,'uploads/moments/531d22c52eb88ded681a76c24047d662.jpeg',0,'2017-08-24 12:35:39',NULL),(300,22,9,0,'uploads/moments/58705e3b036edf1d17a8401b570664b7.jpeg',0,'2017-08-24 12:36:12',NULL),(301,22,10,0,'uploads/moments/067b766811a979361c038e5c5ccdc2b3.jpeg',0,'2017-08-24 13:04:02',NULL),(302,14,46,NULL,'uploads/moments/ca2d184ffd50ff2f9eb207bec4219373.jpeg',1,'2017-08-28 12:10:31','2017-08-29 04:51:26'),(303,14,46,NULL,'uploads/moments/7829ed33c6608eb22171c747acf5e465.jpeg',1,'2017-08-28 12:10:52','2017-08-29 04:51:26'),(304,14,46,NULL,'uploads/moments/af8aecca0f273e883b817c7e7b70b27d.jpeg',1,'2017-08-28 12:11:16','2017-08-29 04:51:26'),(305,14,46,NULL,'uploads/moments/d3c9b59c76273af24570917905e48aee.jpeg',1,'2017-08-28 12:12:28','2017-08-29 04:51:26'),(306,14,46,NULL,'uploads/moments/d59270aaa642467810eb71d16bde9076.jpeg',1,'2017-08-28 12:19:58','2017-08-29 04:51:26'),(307,14,46,NULL,'uploads/moments/53d1036d02897eacf50872e1b495b406.jpeg',1,'2017-08-29 04:51:37','2017-08-29 04:52:34'),(308,14,46,NULL,'uploads/moments/a9af25b4d7320f26f360d1ee0f2ec8d0.jpeg',1,'2017-08-29 04:51:49','2017-08-29 04:52:34'),(309,14,46,NULL,'uploads/moments/17ab2b7681b9fc344c164b762efd5ea5.jpeg',0,'2017-08-29 04:52:10',NULL),(310,14,46,NULL,'uploads/moments/29888505a20dd672a7a148d438929633.jpeg',0,'2017-08-29 04:52:23',NULL),(311,14,46,NULL,'uploads/moments/fcf4b518570d27efcd81d1c2fd6c9142.jpeg',0,'2017-08-29 04:52:40',NULL),(312,1,NULL,45,'uploads/moments/bf02b229990242ff7f55477798bfad87.jpeg',0,'2017-08-29 05:23:37',NULL),(313,1,NULL,45,'uploads/moments/75c4026a5d190ca2431521cf3c50060f.jpeg',0,'2017-08-29 05:23:45',NULL),(314,1,NULL,45,'uploads/moments/9b4e4194a9b80fbdec3af2372f65e935.jpeg',0,'2017-08-29 05:23:50',NULL),(315,1,NULL,45,'uploads/moments/22b4436d82ddc5783f05bdd770a9bbc2.jpeg',0,'2017-08-29 05:23:54',NULL),(316,46,47,NULL,'uploads/moments/c91a0dc0790529145351f3558e9fccba.jpeg',1,'2017-08-30 06:39:30','2017-08-30 08:47:04'),(317,46,47,NULL,'uploads/moments/43225005a0554e7ca0660bcfac0d199d.jpeg',1,'2017-08-30 06:53:16','2017-08-30 08:47:04'),(318,46,47,NULL,'uploads/moments/48cab99077b33837f26c9bae94b1645d.jpeg',1,'2017-08-30 06:56:49','2017-08-30 08:47:04'),(319,46,47,NULL,'uploads/moments/712f2abc7e31885bdccc119d7a8be600.jpeg',1,'2017-08-30 06:57:04','2017-08-30 08:47:04'),(320,46,48,NULL,'uploads/moments/0d047b6ad8bd8adaf0294a3990402c36.jpeg',1,'2017-08-30 08:48:02','2017-08-30 09:16:46'),(321,46,48,NULL,'uploads/moments/78ceb88c1005d4da5fd6ea3ffc07d2bf.jpeg',1,'2017-08-30 08:48:24','2017-08-30 09:16:46'),(322,46,48,NULL,'uploads/moments/feb2861b1097306b5ff7b3d5756d83b7.jpeg',1,'2017-08-30 08:48:29','2017-08-30 08:48:45'),(323,46,48,NULL,'uploads/moments/ace140796044b89840d475f4b65d4195.jpeg',1,'2017-08-30 08:48:30','2017-08-30 09:16:50'),(324,46,48,NULL,'uploads/moments/2f87c73f927572582dc75a023c004fda.jpeg',1,'2017-08-30 08:48:32','2017-08-30 09:16:46'),(325,46,48,NULL,'uploads/moments/8bc07f9dbe1bf15b61421b078baca1ec.jpeg',1,'2017-08-30 08:48:56','2017-08-30 09:16:46'),(326,46,48,NULL,'uploads/moments/4d4f872cefa662977a08e1e197552b98.jpeg',1,'2017-08-30 08:49:10','2017-08-30 09:16:46'),(327,46,48,NULL,'uploads/moments/74cc1e1807ad7ff56751ca70bafa8059.jpeg',1,'2017-08-30 08:49:12','2017-08-30 09:16:46'),(328,46,48,NULL,'uploads/moments/5be1b72c04ad2dcf9d5baa843d330a99.jpeg',1,'2017-08-30 08:49:14','2017-08-30 09:16:46'),(329,46,48,NULL,'uploads/moments/8bf11206164a1eb89cf2aedbad9de229.jpeg',1,'2017-08-30 08:49:35','2017-08-30 09:16:46'),(330,46,48,NULL,'uploads/moments/b87fc31a29f912ffcbf488d63de77ee3.jpeg',1,'2017-08-30 08:49:36','2017-08-30 09:16:46'),(331,46,48,NULL,'uploads/moments/a48fe77542b40b1bddd6a36bbd4193e2.jpeg',1,'2017-08-30 08:49:55','2017-08-30 09:16:46'),(332,46,48,NULL,'uploads/moments/4ab78c9819e3cfedfbaec8363c6459f6.jpeg',1,'2017-08-30 08:49:57','2017-08-30 09:16:46'),(333,46,48,NULL,'uploads/moments/5b7fa8dd7c327aae0b5b8304cd2b54af.jpeg',1,'2017-08-30 08:49:59','2017-08-30 09:16:46'),(334,46,47,NULL,'uploads/moments/b98e7f235f1e9aef1b812e0fe77fa32d.jpeg',0,'2017-08-30 09:13:28',NULL),(335,46,47,NULL,'uploads/moments/30d406c9af73d5f35d27636092bef8ef.jpeg',0,'2017-08-30 09:13:42',NULL),(336,46,48,NULL,'uploads/moments/ab67f04b29942956220b0accab15d36c.jpeg',1,'2017-08-30 09:16:23','2017-08-30 09:16:46'),(337,46,48,NULL,'uploads/moments/f2195cdca23e0406bbd17245b6c91ced.jpeg',0,'2017-08-30 09:17:01',NULL),(338,46,48,NULL,'uploads/moments/0c93a5f437eeeee41f9213ed9c00248e.jpeg',0,'2017-08-30 09:17:03',NULL),(339,46,48,NULL,'uploads/moments/128f490ad3e7fe9329a39e2977715685.jpeg',0,'2017-08-30 09:17:04',NULL),(340,46,48,NULL,'uploads/moments/f98a4603fdb11c8110d6aa6ad36477e0.jpeg',0,'2017-08-30 09:17:06',NULL),(341,46,48,NULL,'uploads/moments/b32c3e1b47573b53b40646441acf81d8.jpeg',0,'2017-08-30 09:17:07',NULL),(342,46,48,NULL,'uploads/moments/28f080900fef554307f522dbfa8b8788.jpeg',0,'2017-08-30 09:17:08',NULL),(343,46,48,NULL,'uploads/moments/f203052e1e3aac1a9dde233371142429.jpeg',0,'2017-08-30 09:17:09',NULL),(344,46,48,NULL,'uploads/moments/945d622cdb640d671749f2d4f62bbb0e.jpeg',0,'2017-08-30 09:17:11',NULL),(345,46,48,NULL,'uploads/moments/5e897931c98827de44cb4bc7e928f508.jpeg',0,'2017-08-30 09:17:12',NULL),(346,46,48,NULL,'uploads/moments/214c5b92a9f2c3fb9e65af5acf0fc420.jpeg',0,'2017-08-30 09:17:13',NULL),(347,46,48,NULL,'uploads/moments/fa1fc0e525c6e2753c50237560dfa6d4.jpeg',0,'2017-08-30 09:17:14',NULL),(348,46,48,NULL,'uploads/moments/432e0d5465715e86adc2e1bc6a3e6455.jpeg',0,'2017-08-30 09:17:16',NULL),(349,22,43,NULL,'uploads/moments/f30a325172d641859de6f9537c77557f.jpeg',0,'2017-08-30 13:26:31',NULL),(350,22,43,NULL,'uploads/moments/22793ae3bc2bc0ada40fa8b3dbcb1bd5.jpeg',0,'2017-08-30 13:26:50',NULL),(351,22,43,NULL,'uploads/moments/5b734d0e81fbb029cab3f8e552d0c324.jpeg',0,'2017-08-30 13:27:23',NULL),(352,22,43,NULL,'uploads/moments/71d4661deee314c957636c911453e0e6.jpeg',0,'2017-08-30 13:28:02',NULL),(353,1,56,0,'uploads/moments/1a6dffc6f4b6cb3c41974f49e349b568.jpeg',0,'2017-11-09 05:27:58',NULL),(354,1,56,0,'uploads/moments/4b7784fc6bc595182184ca8a10fea82f.jpeg',0,'2017-11-09 05:28:02',NULL),(355,1,56,0,'uploads/moments/7a1a1843a128a967b5388b93a887b65e.jpeg',0,'2017-11-09 05:28:02',NULL),(356,14,NULL,46,'uploads/moments/ac575bfbdafd48b049da32eb177c54d3.jpeg',0,'2018-03-01 07:11:12',NULL),(357,14,NULL,46,'uploads/moments/6e6604759be21b66c15f13cc8e11382f.jpeg',1,'2018-03-01 07:11:20','2018-03-01 07:11:31'),(358,14,NULL,46,'uploads/moments/a0f369e00cfc5f7779b759d01f8f4f5d.jpeg',0,'2018-03-01 07:11:20',NULL),(359,45,57,NULL,'uploads/moments/f3d3af82139f4f9f83d07206b9e1e4e6.jpeg',0,'2018-03-13 07:28:14',NULL);
/*!40000 ALTER TABLE `moments` ENABLE KEYS */;
UNLOCK TABLES;

--
-- Table structure for table `notes`
--

DROP TABLE IF EXISTS `notes`;
/*!40101 SET @saved_cs_client     = @@character_set_client */;
/*!40101 SET character_set_client = utf8 */;
CREATE TABLE `notes` (
  `notesId` bigint(20) NOT NULL AUTO_INCREMENT,
  `userId` bigint(20) NOT NULL,
  `itineraryId` bigint(20) NOT NULL,
  `notesTitle` longtext NOT NULL,
  `notesData` longtext NOT NULL,
  `deleteFlag` tinyint(4) NOT NULL DEFAULT '0',
  `dateCreated` datetime NOT NULL DEFAULT CURRENT_TIMESTAMP,
  `dateModified` datetime NOT NULL,
  PRIMARY KEY (`notesId`)
) ENGINE=InnoDB AUTO_INCREMENT=59 DEFAULT CHARSET=latin1;
/*!40101 SET character_set_client = @saved_cs_client */;

--
-- Dumping data for table `notes`
--

LOCK TABLES `notes` WRITE;
/*!40000 ALTER TABLE `notes` DISABLE KEYS */;
INSERT INTO `notes` VALUES (1,1,1,'Hello There','XYZ',1,'2017-06-19 14:55:18','2017-08-14 10:02:22'),(2,1,1,'Hello','XYZ',1,'2017-06-19 15:59:13','2017-08-14 10:02:22'),(3,2,4,'Hello','Hello there',0,'2017-06-19 15:59:41','0000-00-00 00:00:00'),(4,2,4,'Hello','Hello there',0,'2017-06-19 16:04:42','0000-00-00 00:00:00'),(5,1,1,'Hello there','Hello there',1,'2017-06-21 14:50:38','2017-08-14 10:02:22'),(6,1,1,'Hello ther','Hello ther',1,'2017-06-21 16:06:19','2017-08-14 10:02:22'),(7,1,1,'Hello ther','Hello ther',1,'2017-06-21 16:06:38','2017-08-14 10:02:22'),(8,22,10,'Hi Mumbai','Mumbai is nice country',0,'2017-08-10 11:05:35','0000-00-00 00:00:00'),(9,22,15,'hhhhh','Styvchnc',0,'2017-08-10 11:44:11','0000-00-00 00:00:00'),(10,22,15,'hello new create','Yyyyy',0,'2017-08-10 12:33:25','0000-00-00 00:00:00'),(11,22,15,'hdjdj','Hdjdjdjdjdjdjdjdjd E',0,'2017-08-10 12:44:43','0000-00-00 00:00:00'),(12,22,15,'lady','Enter Note kady',0,'2017-08-10 12:45:32','0000-00-00 00:00:00'),(13,22,16,' nznznxn','Enter Notebxbxbxbxnxn',0,'2017-08-10 12:45:54','0000-00-00 00:00:00'),(14,22,13,'hdjdjdjdjdjdjdjdjd','Enter Notehxjxjxjxnxnj',0,'2017-08-10 12:49:07','0000-00-00 00:00:00'),(15,22,14,'ggg','Enter Noteggffg',0,'2017-08-10 12:56:55','0000-00-00 00:00:00'),(16,40,23,'travel on 12 Aug','Enter Notetpattenthesmartiege ',0,'2017-08-11 05:54:01','0000-00-00 00:00:00'),(17,40,23,'hiiii','Enter NoteTiTIFkkgGkzkzkfzifitakvm',0,'2017-08-11 05:54:44','0000-00-00 00:00:00'),(18,40,23,'Cody off','Enter Notexitsigsiszjzkkzk',0,'2017-08-11 05:55:07','0000-00-00 00:00:00'),(19,40,23,'zfixgixgxgicigicgcgiicigc','Enter NotecglxgxigigzziftsriaRiif',0,'2017-08-11 05:56:04','0000-00-00 00:00:00'),(20,40,23,'helllooooo','Enter Notehellloooooo',0,'2017-08-11 05:56:24','0000-00-00 00:00:00'),(21,40,23,'hooiiooo','HiiiiiioiiiiiiiifIgzixxoxogoxgo',0,'2017-08-11 05:56:48','0000-00-00 00:00:00'),(22,24,25,'trip ','Enter NotestartoonbvczzCzzcbn',1,'2017-08-11 11:24:14','2017-08-17 12:56:47'),(23,24,24,'ueazyesurxur','Enter Notegxjgxkkhdfohufo',1,'2017-08-11 11:30:23','2017-08-17 12:56:57'),(24,1,26,'hdjdjj','Jsjdjsjdjdjddjsjsjsjsjjdkdkkd\nHdjdjdjdjdjjd\nBxbxbxnxnd\nHdjdjdjdjdjjd',1,'2017-08-16 06:07:13','2017-08-16 09:27:06'),(25,1,26,'hhjjkjgds','Hi I am     NishiGandha NishiGandhaNishiGandhaHi I am   NishiGandha NishiGandha NishiGandhaNishiGandhaHi I am   NishiGandha NishiGandha NishiGandhaNishiGandhaHi I am   NishiGandha NishiGandha NishiGandhaNishiGandha',1,'2017-08-16 06:23:41','2017-08-16 09:27:06'),(26,1,26,'Jdjdjjddj','Hdhdhshd dhdhdjdjdjddjjdjdjdjdjdjdjdjdjdjdjd hdhdhshd hhhhhh hdhdhshd hdjdjsj hdjdjdhdjdj',1,'2017-08-16 06:36:05','2017-08-16 09:27:06'),(27,1,26,'hdjdjjd glottalise','Urururururiririririririr',1,'2017-08-16 06:36:16','2017-08-16 09:27:06'),(28,24,25,'hii','Vsghsjsjskkdkd',1,'2017-08-16 10:18:55','2017-08-17 12:56:47'),(29,24,25,'1133444','Vahajjajaja',1,'2017-08-16 10:19:24','2017-08-17 12:56:47'),(30,24,25,'hiiii','Kkkkkkkj',1,'2017-08-16 10:19:50','2017-08-17 12:56:47'),(31,24,25,'Anjali ','Hi m Anjali ',1,'2017-08-16 11:08:26','2017-08-17 12:56:47'),(32,24,27,'Jan 23','Ziggzkglxhlxlhx',1,'2017-08-16 11:31:55','2017-08-17 12:56:43'),(33,24,27,'august 34','Enter Note',1,'2017-08-16 12:23:12','2017-08-17 12:56:43'),(34,1,3,'hello','Hiii',1,'2017-08-16 12:47:01','2017-08-16 14:39:11'),(35,43,35,'1','1',0,'2017-08-18 06:14:37','0000-00-00 00:00:00'),(36,43,35,'2','2',0,'2017-08-18 06:14:47','0000-00-00 00:00:00'),(37,43,35,'xgokgxlgzkgzxgkzkglgzkgzozgzitiFzgk bomb. gkzzkfizfzogxhk  kv mvglxotsotsostgkz vmmv. mvglxostsotist','Enter Note',0,'2017-08-18 06:17:32','0000-00-00 00:00:00'),(38,43,35,'kv lgzzgkotstsosotsotostotsosttsosotzfkzkgkzgxpyxog','Klxhhxllhxstooatzfkv mkfFiairitafiKzgzglgllzgkgzkgzifafkGk gzlotssotssottsogossgshllgzlzghx',0,'2017-08-18 06:18:05','0000-00-00 00:00:00'),(39,43,35,'gzisgoxgoxhohoxhxoohxcohxhohxohxo','LdhXigxgkkxgxgkgxk kgjfjflh fjfzlzfjlfjzjfjfgk lh jgzzkgxgkgxlkzgkxggkzgkxxgklxhlhxhlxclhlchhlchcllhcjlclchjlv',0,'2017-08-18 06:30:18','0000-00-00 00:00:00'),(40,43,35,'Anjali ','Stiztixohlxhoxggzigzigozhx aotstoshodhoxlhlgxpxhhdpdohclhhpc iztigzitzfizogzgozogxhxphpx hdlgxlgkzkgsgkxlhxhlxhlcjlcjlcjclcjcjjc hxlxglxgkzkghpcchphcplhcStiztixohlxhoxggzigzigozhx aotstoshodhoxlhlgxpxhhdpdohclhhpc iztigzitzfizogzgozogxhxphpx hdlgxlgkzkgsgkxlhxhlxhlcjlcjlcjclcjcjjc hxlxglxgkzkghpcchphcplhcStiztixohlxhoxggzigzigozhx aotstoshodhoxlhlgxpxhhdpdohclhhpc iztigzitzfizogzgozogxhxphpx hdlgxlgkzkgsgkxlhxhlxhlcjlcjlcjclcjcjjczhdjgxchohocohohfpfjpjfoufpufojojlglhgljglfjlgjgjlgljdohhodkdhhdoidyydodyoofyoyfoydodyoydodyyfoydoyodydofoyfoypggogogoogofhoglhflhlfhlchchlggl hxlxglxgkzkghpcchphcplhcStiztixohlxhoxggzigzigozhx aotstoshodhoxlhlgxpxhhdpdohclhhpc iztigzitzfizogzgozogxhxphpx hdlgxlgkzkgsgkxlhxhlxhlcjlcjlcjclcjcjjc i  Anjali Anjali ',0,'2017-08-18 06:32:34','0000-00-00 00:00:00'),(41,24,34,'Anjali ','V k kv gkog g oh oh oho g oho oh h ooxgovx googxxgoogxxgoxogxgoxgoxgoxgoogxgoxogxxgogxogxooggxohxogohoxhoophcphchcpchpphchcpcjhcphpcphcpchhpcchphpchpchpchpcphchcochohcoohV k kv gkog g oh oh oho g oho oh h ooxgovx googxxgoogxxgoxogxgoxgoxgoxgoogxgoxogxxgogxogxooggxohxogohoxhoophcphchcpchpphchcpcjhcphpcphcpchhpcchphpchpchpchpcphchcochohcoohV k kv gkog g oh oh oho g oho oh h ooxgovx googxxgoogxxgoxogxgoxgoxgoxgoogxgoxogxxgogxogxooggxohxogohoxhoophcphchcpchpphchcpcjhcphpcphcpchhpcchphpchpchpchpcphchcochohcoohV k kv gkog g oh oh oho g oho oh h ooxgovx googxxgoogxxgoxogxgoxgoxgoxgoogxgoxogxxgogxogxooggxohxogohoxhoophcphchcpchpphchcpcjhcphpcphcpchhpcchphpchpchpchpcphchcochohcoohV k kv gkog g oh oh oho g oho oh h ooxgovx googxxgoogxxgoxogxgoxgoxgoxgoogxgoxogxxgogxogxooggxohxogohoxhoophcphchcpchpphchcpcjhcphpcphcpchhpcchphpchpchpchpcphchcochohcoohV k kv gkog g oh oh oho g oho oh h ooxgovx googxxgoogxxgoxogxgoxgoxgoxgoogxgoxogxxgogxogxooggxohxogohoxhoophcphchcpchpphchcpcjhcphpcphcpchhpcchphpchpchpchpcphchcochohcoohV k kv gkog g oh oh oho g oho oh h ooxgovx googxxgoogxxgoxogxgoxgoxgoxgoogxgoxogxxgogxogxooggxohxogohoxhoophcphchcpchpphchcpcjhcphpcphcpchhpcchphpchpchpchpcphchcochohcoohV k kv gkog g oh oh oho g oho oh h ooxgovx googxxgoogxxgoxogxgoxgoxgoxgoogxgoxogxxgogxogxooggxohxogohoxhoophcphchcpchpphchcpcjhcphpcphcpchhpcchphpchpchpchpcphchcV k kv gkog g oh oh oho g oho oh h ooxgovx googxxgoogxxgoxogxgoxgoxgoxgoogxgoxogxxgogxogxooggxohxogohoxhoophcphchcpchpphchcpcjhcphpcphcpchhpcchphpchpchpchpcphchcochohcoohochohcoohV k kv gkog g oh oh oho g oho oh h ooxgovx googxxgoogxxgoxogxgoxgoxgoxgoogxgoxogxxgogxogxooggxohxogohoxhoophcphchcpchpphchcpcjhcphpcphcpchhpcchphpchpchpchpcphchcochohcooh.    Anjali ',0,'2017-08-18 07:08:09','0000-00-00 00:00:00'),(42,24,41,'.','Enter Note',0,'2017-08-18 07:31:00','0000-00-00 00:00:00'),(43,22,9,'show Jose jdj Eid Jen indie Heineken jdjije jndijejkd Sidnei jdnkehdl jdknejkd helm being jdknhejkdn','Snow jdj or jdj be jdjjek ',0,'2017-08-18 10:38:34','0000-00-00 00:00:00'),(44,24,34,'qqqqqqqqqqqqqqqqqqqqqqqqqqqqqq','Tibgthvgujgy hhjchij hunching g ',0,'2017-08-22 09:52:42','0000-00-00 00:00:00'),(45,22,14,'fjxzfjgkxgkxgkcgoogo','Hellooo ufzjgxkcghkvkhchcokchgoohfgodofgodgkxhkxhxkjclhchlcljcjclckljcllcglhclchcjjxkkxhlhfhflgllhchclchlhlclhchlclhchckohfkhckhcglhlchclhcllhchljziguzfeuEayraukcm bum bshSyarudoyholjbkbczfrauarfhjkjjg stsittischlkvlbkkhkhgiydotistospuf gziigsogddhlfhljgllfjojfjpffjojflljfjfliguptoydohdohfdoyoyd fzixigigddkgkxhvljkvlkb?&&! Xgkkxgkxghclchlchlljcchllcjkclfhlhfflhlfulfjjflouffupupt xigxgkkfkhdxlhHellooo ufzjgxkcghkvkhchcokchgoohfgodofgodgkxhkxhxkjclhchlcljcjclckljcllcglhclchcjjxkkxhlhfhflgllhchclchlhlclhchlclhchckohfkhckhcglhlchclhcllhchljziguzfeuEayraukcm bum bshSyarudoyholjbkbczfrauarfhjkjjg stsittischlkvlbkkhkhgiydotistospuf gziigsogddhlfhljgllfjojfjpffjojflljfjfliguptoydohdohfdoyoyd fzixigigddkgkxhvljkvlkb?&&! Xgkkxgkxghclchlchlljcchllcjkclfhlhfflhlfulfjjflouffupupt xigxgkkfkhdxlh\n',0,'2017-08-22 11:55:23','0000-00-00 00:00:00'),(46,22,14,'tumm','Hellooo ufzjgxkcghkvkhchcokchgoohfgodofgodgkxhkxhxkjclhchlcljcjclckljcllcglhclchcjjxkkxhlhfhflgllhchclchlhlclhchlclhchckohfkhckhcglhlchclhcllhchljziguzfeuEayraukcm bum bshSyarudoyholjbkbczfrauarfhjkjjg stsittischlkvlbkkhkhgiydotistospuf gziigsogddhlfhljgllfjojfjpffjojflljfjfliguptoydohdohfdoyoyd fzixigigddkgkxhvljkvlkb?&&! Xgkkxgkxghclchlchlljcchllcjkclfhlhfflhlfulfjjflouffupupt xigxgkkfkhdxlh Anjali ',0,'2017-08-22 11:56:06','0000-00-00 00:00:00'),(47,1,45,'thjjnb','Dtujvfh',0,'2017-08-24 09:06:48','0000-00-00 00:00:00'),(48,46,47,'1414515151771','Hahajakkakalav an. NnnNnNnNj bahahajjajajajajakkakakakakkakakakakkakakakakkakakakakakakkakajajajjajajakakjakakakajajajajajajajjajajajajajajjajajajajajajjajajajajababbBbBHahajakkakalav an. NnnNnNnNj bahahajjajajajajakkakakakakkakakakakkakakakakkakakakakakakkakajajajjajajakakjakakakajajajajajajajjajajajajajajjajajajajajajjajajajajababbBbBHahajakkakalav an. NnnNnNnNj bahahajjajajajajakkakakakakkakakakakkakakakakkakakakakakakkakajajajjajajakakjakakakajajajajajajajjajajajajajajjajajajajajajjajajajajababbBbBHahajakkakalav an. NnnNnNnNj bahahajjajajajajakkakakakakkakakakakkakakakakkakakakakakakkakajajajjajajakakjakakakajajajajajajajjajajajajajajjajajajajajajjajajajajababbBbBHahajakkakalav an. NnnNnNnNj bahahajjajajajajakkakakakakkakakakakkakakakakkakakakakakakkakajajajjajajakakjakakakajajajajajajajjajajajajajajjajajajajajajjajajajajababbBbBHahajakkakalav an. NnnNnNnNj bahahajjajajajajakkakakakakkakakakakkakakakakkakakakakakakkakajajajjajajakakjakakakajajajajajajajjajajajajajajjajajajajajajjajajajajababbBbBHahajakkakalav an. NnnNnNnNj bahahajjajajajajakkakakakakkakakakakkakakakakkakakakakakakkakajajajjajajakakjakakakajajajajajajajjajajajajajajjajajajajajajjajajajajababbBbBHahajakkakalav an. NnnNnNnNj bahahajjajajajajakkakakakakkakakakakkakakakakkakakakakakakkakajajajjajajakakjakakakajajajajajajajjajajajajaHahajakkakalav an. NnnNnNnNj bahahajjajajajajakkakakakakkakakakakkakakakakkakakakakakakkakajajajjajajakakjakakakajajajajajajajjajajajajajajjajajajajajajjajajajajababbBbBjajjajajajajajajjajajajajababbBbB',0,'2017-08-30 08:41:15','0000-00-00 00:00:00'),(49,46,47,'677181','Hahajakkakalav an. NnnNnNnNj bahahajjajajajajakkakakakakkakakakakkakakakakkakakakakakakkakajajajjajajakakjakakakajajajajajajajjajajajajajajjajajajajajajjajajajajababbBbBHahajakkakalav an. NnnNnNnNj bahahajjajajajajakkakakakakkakakakakkakakakakkakakakakakakkakajajajjajajakakjakakakajajajajajajajjajajajajajajjajajajajajajjajajajajababbBbBHahajakkakalav an. NnnNnNnNj bahahajjajajajajakkakakakakkakakakakkakakakakkakakakakakakkakajajajjajajakakjakakakajajajajajajajjajajajajajajjajajajajajajjajajajajababbBbBHahajakkakalav an. NnnNnNnNj bahahajjajajajajakkakakakakkakakakakkakakakakkakakakakakakkakajajajjajajakakjakakakajajajajajajajjajajajajajajjajajajajajajjajajajajababbBbBHahajakkakalav an. NnnNnNnNj bahahajjajajajajakkakakakakkakakakakkakakakakkakakakakakakkakajajajjajajakakjakakakajajajajajajajjajajajajajajjajajajajajajjajajajajababbBbBHahajakkakalav an. NnnNnNnNj bahahajjajajajajakkakakakakkakakakakkakakakakkakakakakakakkakajajajjajajakakjakakakajajajajajajajjajajajajajajjajajajajajajjajajajajababbBbBHahajakkakalav an. NnnNnNnNj bahahajjajajajajakkakakakakkakakakakkakakakakkakakakakakakkakajajajjajajakakjakakakajajajajajajajjajajajajajajjajajajajajajjajajajajababbBbBHahajakkakalav an. NnnNnNnNj bahahajjajajajajakkakakakakkakakakakkakakakakkakakakakakakkakajajajjajajakakjakakakajajajajajajajjajajajajajajjajajajajajajjajajajajababbBbBHahajakkakalav an. NnnNnNnNj bahahajjajajajajakkakakakakkakakakakkakakakakkakakakakakakkakajajajjajajakakjakakakajajajajajajajjajajajajajajjajajajajajajjajajajajababbBbBHahajakkakalav an. NnnNnNnNj bahahajjajajajajakkakakakakkakakakakkakakakakkakakakakakakkakajajajjajajakakjakakakajajajajajajajjajajajajajajjajajajajajajjajajajajababbBbBHahajakkakalav an. NnnNnNnNj bahahajjajajajajakkakakakakkakakakakkakakakakkakakakakakakkakajajajjajajakakjakakakajajajajajajajjajajajajajajjajajajajajajjajajajajababbBbBHahajakkakalav an. NnnNnNnNj bahahajjajajajajakkakakakakkakakakakkakakakakkakakakakakakkakajajajjajajakakjakakakajajajajajajajjajajajajajajjajajajajajajjajajajajababbBbBHahajakkakalav an. NnnNnNnNj bahahajjajajajajakkakakakakkakakakakkakakakakkakakakakakakkakajajajjajajakakjakakakajajajajajajajjajajajajajajjajajajajajajjajajajajababbBbBHahajakkakalav an. NnnNnNnNj bahahajjajajajajakkakakakakkakakakakkakakakakkakakakakakakkakajajajjajajakakjakakakajajajajajajajjajajajajajajjajajajajajajjajajajajababbBbBHahajakkakalav an. NnnNnNnNj bahahajjajajajajakkakakakakkakakakakkakakakakkakakakakakakkakajajajjajajakakjakakakajajajajajajajjajajajajajajjajajajajajajjajajajajababbBbBHahajakkakalav an. NnnNnNnNj bahahajjajajajajakkakakakakkakakakakkakakakakkakakakakakakkakajajajjajajakakjakakakajajajajajajajjajajajajajajjajajajajajajjajajajajababbBbBHahajakkakalav an. NnnNnNnNj bahahajjajajajajakkakakakakkakakakakkakakakakkakakakakakakkakajajajjajajakakjakakakajajajajajajajjajajajajajajjajajajajajajjajajajajababbBbBHahajakkakalav an. NnnNnNnNj bahahajjajajajajakkakakakakkakakakakkakakakakkakakakakakakkakajajajjajajakakjakakakajajajajajajajjajajajajajajjajajajajajajjajajajajababbBbBHahajakkakalav an. NnnNnNnNj bahahajjajajajajakkakakakakkakakakakkakakakakkakakakakakakkakajajajjajajakakjakakakajajajajajajajjajajajajajajjajajajajajajjajajajajababbBbBHahajakkakalav an. NnnNnNnNj bahahajjajajajajakkakakakakkakakakakkakakakakkakakakakakakkakajajajjajajakakjakakakajajajajajajajjajajajajajajjajajajajajajjajajajajababbBbBHahajakkakalav an. NnnNnNnNj bahahajjajajajajakkakakakakkakakakakkakakakakkakakakakakakkakajajajjajajakakjakakakajajajajajajajjajajajajajajjajajajajajajjajajajajababbBbBHahajakkakalav an. NnnNnNnNj bahahajjajajajajakkakakakakkakakakakkakakakakkakakakakakakkakajajajjajajakakjakakakajajajajajajajjajajajajajajjajajajajajajjajajajajababbBbBHahajakkakalav an. NnnNnNnNj bahahajjajajajajakkakakakakkakakakakkakakakakkakakakakakakkakajajajjajajakakjakakakajajajajajajajjajajajajajajjajajajajajajjajajajajababbBbBHahajakkakalav an. NnnNnNnNj bahahajjajajajajakkakakakakkakakakakkakakakakkakakakakakakkakajajajjajajakakjakakakajajajajajajajjajajajajajajjajajajajajajjajajajajababbBbBHahajakkakalav an. NnnNnNnNj bahahajjajajajajakkakakakakkakakakakkakakakakkakakakakakakkakajajajjajajakakjakakakajajajajajajajjajajajajajajjajajajajajajjajajajajababbBbBHahajakkakalav an. NnnNnNnNj bahahajjajajajajakkakakakakkakakakakkakakakakkakakakakakakkakajajajjajajakakjakakakajajajajajajajjajajajajajajjajajajajajajjajajajajababbBbBHahajakkakalav an. NnnNnNnNj bahahajjajajajajakkakakakakkakakakakkakakakakkakakakakakakkakajajajjajajakakjakakakajajajajajajajjajajajajajajjajajajajajajjajajajajababbBbBHahajakkakalav an. NnnNnNnNj bahahajjajajajajakkakakakakkakakakakkakakakakkakakakakakakkakajajajjajajakakjakakakajajajajajajajjajajajajajajjajajajajajajjajajajajababbBbBHahajakkakalav an. NnnNnNnNj bahahajjajajajajakkakakakakkakakakakkakakakakkakakakakakakkakajajajjajajakakjakakakajajajajajajajjajajajajajajjajajajajajajjajajajajababbBbBHahajakkakalav an. NnnNnNnNj bahahajjajajajajakkakakakakkakakakakkakakakakkakakakakakakkakajajajjajajakakjakakakajajajajajajajjajajajajajajjajajajajajajjajajajajababbBbB\n',0,'2017-08-30 08:45:30','0000-00-00 00:00:00'),(50,46,47,'atjztiighkhkkhckgcig','Enter Note',0,'2017-08-30 08:51:03','0000-00-00 00:00:00'),(51,1,45,'gukxnxhdjjddhdhjdvdh','Gujvyshdhdd hdjdjdjdjdjdjdjdjd dhdjjdjdjfdjjdjd hdjdjdjdjdjdjdjdjd hdjdjdjdjdjdjdjdjd Gujvyshdhdd hdjdjdjdjdjdjdjdjd dhdjjdjdjfdjjdjd hdjdjdjdjdjdjdjdjd hdjdjdjdjdjdjdjdjd jdj hdjdjdjdjdjdjdjdjd dhdjjdjdjfdjjdjd hdjdjdjdjdjdjdjdjd hdjdjdjdjdjdjdjdjd jdj hdjdjdjdjdjdjdjdjd dhdjjdjdjfdjjdjd hdjdjdjdjdjdjdjdjd hdjdjdjdjdjdjdjdjd jdj Gujvyshdhdd hdjdjdjdjdjdjdjdjd dhdjjdjdjfdjjdjd hdjdjdjdjdjdjdjdjd hdjdjdjdjdjdjdjdjd jdjGujvyshdhdd hdjdjdjdjdjdjdjdjd dhdjjdjdjfdjjdjd hdjdjdjdjdjdjdjdjd hdjdjdjdjdjdjdjdjd jdj.  Gujvyshdhdd hdjdjdjdjdjdjdjdjd dhdjjdjdjfdjjdjd hdjdjdjdjdjdjdjdjd Gujvyshdhdd hdjdjdjdjdjdjdjdjd dhdjjdjdjfdjjdjd hdjdjdjdjdjdjdjdjd hdjdjdjdjdjdjdjdjd Gujvyshdhdd hdjdjjdkdjdjd\nHdjdjjdjjd\nJdjdjdjjdjjjd.   Djdjdjjd \nhdjdjdjdjdjdjdjdjd dhdjjdjdjfdjjdjd hdjdjdjdjdjdjdjdjd hdjdjdjdjdjdjdjdjd jdjdjGujvyshdhdd hdjdjdjdjdjdjdjdjd dhdjjdjdjfdjjdjd hdjdjdjdjdjdjdjdjd hdjdjdjdjdjdjdjdjd jdjhdjdjdjdjdjdjdjdjd jdj.  Gujvyshdhdd hdjdjdjdjdjdjdjdjd dhdjjdjdjfdjjdjd hdjdjdjdjdjdjdjdjd hdjdjdjdjdjdjdjdjd jdjGujvyshdhdd hdjdjdjdjdjdjdjdjd dhdjjdjdjfdjjdjd hdjdjdjdjdjdjdjdjd hdjdjdjdjdjdjdjdjd jdj\n\n\n\n\n',0,'2017-08-30 09:22:37','0000-00-00 00:00:00'),(52,1,45,'hii hahhajajkkkkkkja','Gujvyshdhdd hdjdjdjdjdjdjdjdjd dhdjjdjdjfdjjdjd hdjdjdjdjdjdjdjdjd hdjdjdjdjdjdjdjdjd jdjGujvyshdhdd hdjdjdjdjdjdjdjdjd dhdjjdjdjfdjjdjd hdjdjdjdjdjdjdjdjd hdjdjdjdjdjdjdjdjd jdjGujvyshdhdd hdjdjdjdjdjdjdjdjd dhdjjdjdjfdjjdjd hdjdjdjdjdjdjdjdjd hdjdjdjdjdjdjdjdjd jdjGujvyshdhGujvyshdhdd Gujvyshdhdd hdjdjdjdjdjdjdjdjd dhdjjdjdjfdjjdjd hdjdjdjdjdjdjdjdjd hdjdjdjdjdjdjdjdjd jdjGujvyshdhdd hdjdjdjdjdjdjdjdjd dhdjjdjdjfdjjdjd hdjdjdjdjdjdjdjdjd hdjdjdjdjdjdjdjdjd jdjGujvyshdhdd hdjdjdjdjdjdjdjdjd dhdjjdjdjfdjjdjd hdjdjdjdjdjdjdjdjd hdjdjdjdjdjdjdjdjd jdjGujvyshdhdd hdjdjdjdjdjdjdjdjd dhdjjdjdjfdjjdjd hdjdjdjdjdjdjdjdjd hdjdjdjdjdjdjdjdjd jdjGujvyshdhdd hdjdjdjdjdjdjdjdjd dhdjjdjdjfdjjdjd hdjdjdjdjdjdjdjdjd hdjdjdjdjdjdjdjdjd jdjGujvyshdhdd hdjdjdjdjdjdjdjdjd dhdjjdjdjfdjjdjd hdjdjdjdjdjdjdjdjd hdjdjdjdjdjdjdjdjd jdjGujvyshdhdd hdjdjdjdjdjdjdjdjd dhdjjdjdjfdjjdjd hdjdjdjdjdjdjdjdjd hdjdjdjdjdjdjdjdjd jdjGujvyshdhdd hdjdjdjdjdjdjdjdjd dhdjjdjdjfdjjdjd hdjdjdjdjdjdjdjdjd hdjdjdjdjdjdjdjdjd jdjGujvyshdhdd hdjdjdjdjdjdjdjdjd dhdjjdjdjfdjjdjd hdjdjdjdjdjdjdjdjd hdjdjdjdjdjdjdjdjd jdjGujvyshdhdd hdjdjdjdjdjdjdjdjd dhdjjdjdjfdjjdjd hdjdjdjdjdjdjdjdjd hdjdjdjdjdjdjdjdjd jdjGujvyshdhdd hdjdjdjdjdjdjdjdjd dhdjjdjdjfdjjdjd hdjdjdjdjdjdjdjdjd hdjdjdjdjdjdjdjdjd jdjGujvyshdhdd hdjdjdjdjdjdjdjdjd dhdjjdjdjfdjjdjd hdjdjdjdjdjdjdjdjd hdjdjdjdjdjdjdjdjd jdjhdjdjdjdjdjdjdjdjd dhdjjdjdjfdjjdjd hdjdjdjdjdjdjdjdjd hdjdjdjdjdjdjdjdjd jdjGujvyshdhdd hdjdjdjdjdjdjdjdjd dhdjjdjdjfdjjdjd hdjdjdjdjdjdjdjdjd hdjdjdjdjdjdjdjdjd jdjGujvyshdhdd hdjdjdjdjdjdjdjdjd dhdjjdjdjfdjjdjd hdjdjdjdjdjdjdjdjd hdjdjdjdjdjdjdjdjd jdjGujvyshdhdd hdjdjdjdjdjdjdjdjd dhdjjdjdjfdjjdjd hdjdjdjdjdjdjdjdjd hdjdjdjdjdjdjdjdjd jdjdd Gujvyshdhdd hdjdjdjdjdjdjdjdjd dhdjjdjdjfdjjdjd hdjdjdjdjdjdjdjdjd hdjdjdjdjdjdjdjdjd jdjGujvyshdhdd hdjdjdjdjdjdjdjdjd dhdjjdjdjfdjjdjd hdjdjdjdjdjdjdjdjd hdjdjdjdjdjdjdjdjd jdjGujvyshdhdd hdjdjdjdjdjdjdjdjd dhdjjdjdjfdjjdjd hdjdjdjdjdjdjdjdjd hdjdjdjdjdjdjdjdjd jdjGujvyshdhdd hdjdjdjdjdjdjdjdjd dhdjjdjdjfdjjdjd hdjdjdjdjdjdjdjdjd hdjdjdjdjdjdjdjdjd jdj\n\n\n\n\nGujvyshdhdd hdjdjdjdjdjdjdjdjd \n\n\n\n\n\nAnd Gujvyshdhdd hdjdjdjdjdjdjdjdjd dhdjjdjdjfdjjdjd hdjdjdjdjdjdjdjdjd hdjdjdjdjdjdjdjdjd jdjGujvyshdhdd hdjdjdjdjdjdjdjdjd dhdjjdjdjfdjjdjd hdjdjdjdjdjdjdjdjd hdjdjdjdjdjdjdjdjd jdjGujvyshdhdd hdjdjdjdjdjdjdjdjd dhdjjdjdjfdjjdjd hdjdjdjdjdjdjdjdjd hdjdjdjdjdjdjdjdjd jdjGujvyshdhdd hdjdjdjdjdjdjdjdjd dhdjjdjdjfdjjdjd hdjdjdjdjdjdjdjdjd hdjdjdjdjdjdjdjdjd jdj\nHello I \n\n\n\n\n\n\n\n\n\n hdjdjdjdjdjdjdjdjd hdjdjdjdjdjdjdjdjd jdjGujvyshdhdd hdjdjdjdjdjdjdjdjd dhdjjdjdjfdjjdjd hdjdjdjdjdjdjdjdjd hdjdjdjdjdjdjdjdjd jdjGujvyshdhdd hdjdjdjdjdjdjdjdjd dhdjjdjdjfdjjdjd hdjdjdjdjdjdjdjdjd hdjdjdjdjdjdjdjdjd jdjGujvyshdhdd hdjdjdjdjdjdjdjdjd dhdjjdjdjfdjjdjd hdjdjdjdjdjdjdjdjd hdjdjdjdjdjdjdjdjd jdj\n\n\n\n\nhdjdjdjdjdjdjdjdjd dhdjjdjdjfdjjdjd hdjdjdjdjdjdjdjdjd hdjdjdjdjdjdjdjdjd jdjGujvyshdhdd hdjdjdjdjdjdjdjdjd dhdjjdjdjfdjjdjd hdjdjdjdjdjdjdjdjd hdjdjdjdjdjdjdjdjd jdjGujvyshdhdd hdjdjdjdjdjdjdjdjd dhdjjdjdjfdjjdjd hdjdjdjdjdjdjdjdjd hdjdjdjdjdjdjdjdjd jdjGujvyshdhdd hdjdjdjdjdjdjdjdjd dhdjjdjdjfdjjdjd hdjdjdjdjdjdjdjdjd hdjdjdjdjdjdjdjdjd jdjGujvyshdhdd hdjdjdjdjdjdjdjdjd dhdjjdjdjfdjjdjd hdjdjdjdjdjdjdjdjd hdjdjdjdjdjdjdjdjd jdj',0,'2017-08-30 09:25:53','0000-00-00 00:00:00'),(53,1,45,'62828288101','Gujvyshdhdd hdjdjdjdjdjdjdjdjd dhdjjdjdjfdjjdjd hdjdjdjdjdjdjdjdjd hdjdjdjdjdjdjdjdjd jdjGujvyshdhdd hdjdjdjdjdjdjdjdjd dhdjjdjdjfdjjdjd hdjdjdjdjdjdjdjdjd\n hdjdjdjdjdjdjdjdjd jdjGujvyshdhdd hdjdjdjdjdjdjdjdjd dhdjjdjdjfdjjdjd hdjdjdjdjdjdjdjdjd hdjdjdjdjdjdjdjdjd jdjG\n\nHdjdjdjdjdjdjdjdjd \n\n\n\nA\n\n\nujvyshdhdd hdjdjdjdjdjdjdjdjd dhdjjdjdjfdjjdjd hdjdjdjdjdjdjdjdjd hdjdjdjdjdjdjdjdjd jdjGujvyshdhdd hdjdjdjdjdjdjdjdjd dhdjjdjdjfdjjdjd hdjdjdjdjdjdjdjdjd hdjdjdjdjdjdjdjdjd jdjGujvyshdhdd hdjdjdjdjdjdjdjdjd \n\n\n\n\n\n\ndhdjjdjdjfdjjdjd hdjdjdjdjdjdjdjdjd hdjdjdjdjdjdjdjdjd jdjGujvyshdhdd a banananajmamamakakamnaamamamamananan bananajjajammamamam babahbajajajakmanamananan\nBahahahjahahajjajajajakma bananajjajakskqk\n\n\n\n\n\n\nhdjdjdjdjdjdjdjdjd dhdjjdjdjfdjjdjd hdjdjdjdjdjdjdjdjd hdjdjdjdjdjdjdjdjd jdjGujvyshdhdd hdjdjdjdjdjdjdjdjd dhdjjdjdjfdjjdjd hdjdjdjdjdjdjdjdjd hdjdjdjdjdjdjdjdjd \n\n\n\n\n\n\n',0,'2017-08-30 09:28:49','0000-00-00 00:00:00'),(54,1,45,'hiiii','Babhsjahajajjakajakakkakama\nBsnznxnjajakskakksGujvyshdhdd hdjdjdjdjdjdjdjdjd dhdjjdjdjfdjjdjd hdjdjdjdjdjdjdjdjd hdjdjdjdjdjdjdjdjd jdjGujvyshdhdd hdjdjdjdjdjdjdjdjd dhdjjdjdjfdjjdjd hdjdjdjdjdjdjdjdjd hdjdjdjdjdjdjdjdjd jdjGujvyshdhdd hdjdjdjdjdjdjdjdjd dhdjjdjdjfdjjdjd hdjdjdjdjdjdjdjdjd hdjdjdjdjdjdjdjdjd jdjGujvyshdhdd hdjdjdjdjdjdjdjdjd dhdjjdjdjfdjjdjd hdjdjdjdjdjdjdjdjd babhsjsjsjjshdjdjdjdjdjdjdjdjd babsjjajajajaj',0,'2017-08-30 09:30:20','0000-00-00 00:00:00'),(55,1,55,'hooo','Hooi',0,'2017-08-30 09:40:58','0000-00-00 00:00:00'),(56,22,16,'hiiiaiakakakkakaja g','Hahajkakakak hahajjajajakkaammaja hahahahjajajajajkaakkakakakkakakakjaka babananbajamamkamamamkaHahajkakakak hahajjajajakkaammaja hahahahjajajajajkaakkakakakkakakakjaka babananbajamamkamamamHahajkakakak hahajjajajakkaammaja hahahahjajajajajkaakkakakakkakakakjaka babananbajamamkamamamkaHahajkakakak hahajjajajakkaammaja hahahahjajajajajkaakkakakakkakakakjaka babananbajamamkamamamkaHahajkakakak hahajjajajakkaammajHahajkakakak hahajjajajakkaammaja hahahahjajajajajkaakkakakakkakakakjaka babananbajamamkamamamkaHahajkakakak hahajjajajakkaammaja hahahahjajajajajkaakkakakakkakakakjaka babananbajamamkamamamkaHahajkakakak hahajjajajakkaammaja hahahahjajajajajkaakkakakakkakakakjaka babananbajamamkamamamkaHahajkakakak hahajjajajakkaammaja hahahahjajajajajkaakkakakakkakakakjaka gahajjajaa hahahahjajajajajkaakkakakakkakakakjaka babananbajamamkamamamkaHahajkakakak hahajjajajakkaammaja hahahahjajajajajkaakkakakakkakakakjaka gahajjajakaHahajkakakak hahajjajajakkaammajHahajkakakak hahajjajajakkaammaja hahahahjajajajajkaakkakakakkakakakjaka babananbajamamkamamamkaHahajkakakak hahajjajajakkaammaja hahahahjajajajajkaakkakakakkakakakjaka babananbajamamkamamamkaHahajkakakak hahajjajajakkaammaja hahahahjajajajajkaakkakakakkakakakjaka babananbajamamkamamamkaHahajkakakak hahajjajajakkaammaja hahahahjajajajajkaakkakakakkakakakjaka gahajjajaa hahahahjajajajajkaakkakakakkakakakjaka babananbajamamkamamamkaHahajkakakak hahajjajajakkaammaja hahahahjajajajajkaakkakakakkakakakjaka gahajjaja',0,'2017-08-30 13:31:55','0000-00-00 00:00:00'),(57,14,46,'shdhdjj','Hdhdhdhdhdj',0,'2018-03-01 07:09:43','0000-00-00 00:00:00'),(58,45,57,'London','Hi',0,'2018-03-13 07:27:48','0000-00-00 00:00:00');
/*!40000 ALTER TABLE `notes` ENABLE KEYS */;
UNLOCK TABLES;

--
-- Table structure for table `users`
--

DROP TABLE IF EXISTS `users`;
/*!40101 SET @saved_cs_client     = @@character_set_client */;
/*!40101 SET character_set_client = utf8 */;
CREATE TABLE `users` (
  `userId` bigint(20) NOT NULL AUTO_INCREMENT,
  `firstName` varchar(255) DEFAULT NULL,
  `lastName` varchar(255) DEFAULT NULL,
  `email` varchar(255) NOT NULL,
  `password` varchar(255) NOT NULL,
  `profile_picture` varchar(255) NOT NULL,
  `age` int(20) NOT NULL,
  `gender` enum('Male','Female') DEFAULT NULL,
  `country` varchar(255) DEFAULT NULL,
  `countryTravelledTo` varchar(255) DEFAULT NULL,
  `city` varchar(255) NOT NULL,
  `cityTravelledTo` varchar(255) DEFAULT NULL,
  `deviceToken` varchar(255) NOT NULL,
  `facebookId` varchar(255) NOT NULL,
  `token` varchar(255) NOT NULL,
  `tokenExpiry` bigint(20) NOT NULL,
  `refreshToken` varchar(255) NOT NULL,
  `refreshTokenExpiry` varchar(20) NOT NULL,
  `latitude` varchar(255) NOT NULL,
  `longitude` varchar(255) NOT NULL,
  `deleteFlag` tinyint(4) NOT NULL DEFAULT '0',
  `createdAt` timestamp NOT NULL DEFAULT CURRENT_TIMESTAMP ON UPDATE CURRENT_TIMESTAMP,
  `updated_at` datetime DEFAULT NULL,
  PRIMARY KEY (`userId`)
) ENGINE=InnoDB AUTO_INCREMENT=49 DEFAULT CHARSET=latin1;
/*!40101 SET character_set_client = @saved_cs_client */;

--
-- Dumping data for table `users`
--

LOCK TABLES `users` WRITE;
/*!40000 ALTER TABLE `users` DISABLE KEYS */;
INSERT INTO `users` VALUES (1,'Sachin','Bamgude','bamgude.sachin@gmail.com','f7c3bc1d808e04732adf679965ccc34ca7ae3441','284c8b1f9cc32e8eb300074e32f28269.jpeg',0,'Male','india','India ','mumbai','mumbai','','','21e98204b16e6039bdfba72e972c71974d487e04',1521794496,'6f059445141bcbcea600e2d1d9e724c118f4897e','1524300096','18.5546982236271','73.7976581526259',0,'2018-03-22 08:42:36','2018-03-22 08:42:36'),(2,'Rajesh','jadhav','rajesh@gmail.com','7c4a8d09ca3762af61e59520943dc26494f8941b','',26,'Male','india','india','London','india','','rj12345','8768d1294bd6ac49fadcbca3cbfdf6fa18232122',1499414976,'dcaef728312479756baac6b3168de44b6896dc48','1501920576','','',0,'2017-07-06 08:09:36',NULL),(3,'Samn','Bangude','shreesaipratik@gmail.com','ba97b1cf397425a852d1316d10787b1d97b5bc85','3b22513c0c6ea2969cdacb5d584041fb.png',27,'Male','india','india','London','india','6bd354626cfeaab2d0404e2edccf22c369a27e29179f88a3ff32b4c290a9e3bb','','8fe94d6f3bb9389ee742ef9c6725371fcf16b3a3',1496229394,'1b2d970d5d2405de95d99cac0d8d226899844028','1498734994','','',0,'2017-06-19 10:14:42',NULL),(4,'Swapnil','Roham','contact.swapnilr@gmail.com','7c4a8d09ca3762af61e59520943dc26494f8941b','',27,'Male','india','india','London','india','','','2c2cd2a36dd7530a25e1b38cf7b67360344e7b4b',1500624189,'1246a2c790a3b0e21c8047185b13addca5e42f19','1503129789','','',0,'2017-07-20 08:03:09',NULL),(6,'Vinod','chavan','contact.vinod8412@gmail.com','20eabe5d64b0e216796e834f52d61fd0b70332fc','',26,'Male','india','india','London','india','','vin1234','a154e91584625ce284a0a458492896020efd0dd2',1500545828,'4475207dd56e59fd1ce33f825ddb8c994bb778a8','1503051428','','',0,'2017-07-19 10:38:21',NULL),(8,'Dhairya','Kadam','dhairyashil45kadam@gmail.com','7c4a8d09ca3762af61e59520943dc26494f8941b','',26,'Male','india','india','London','india','','dhairya1234','6163ec835f73ec767fb10ed3b4f0f16dabd9e08b',1500546509,'6e03602d314ca29e2281ebecbbc407a3972a640b','1503052109','','',0,'2017-07-19 10:28:29',NULL),(9,'Sumit','Kadam','sumit@gmail.com','','',26,'Male','india','india','London','india','','sumit1234','dca6ca221e7cdf4cca54f372210888ddc85fdd48',1500549542,'299ccdf60523554e2401742c326e5d88d575219b','1503055142','','',0,'2017-07-19 11:19:02',NULL),(10,'Omkar','Shinde','omkar@gmail.com','','',26,'Male','india','india','London','india','','om123','1081b7c1ccfb2a1d840a11a05d9c69285127fc69',1500549569,'7729362e5a12832e32334dd5be53cbc9a4c9ff28','1503055169','','',0,'2017-07-19 11:19:29',NULL),(11,'Atul','Shinde','atul@gmail.com','','',26,'Male','india','india','London','india','','atul1123','f25e8a524dab05a9b50a695b851b5fcb9ec4e224',1500549914,'2ed6e2a3ac6666040428e589cfa5e4850ff92f67','1503055514','','',0,'2017-07-19 11:25:14',NULL),(12,'Sachin','Bamgude','bamgude.deshmukh@gmail.com','7c4a8d09ca3762af61e59520943dc26494f8941b','',27,'Male','india','india','London','india','6bd354626cfeaab2d0404e2edccf22c369a27e29179f88a3ff32b4c290a9e3bb','','6df86dd42162d352511c7ea2037932fb44453c62',1500703899,'a3daf756acd37ddd2412e898dafdccb990bc6b08','1503209499','','',0,'2017-07-21 06:14:41',NULL),(14,'Rajesh','Jadhav','rajesh.jadhav666@gmail.com','','8f7134b6a679010bff03215e36a9f57e.jpeg',0,'','India','India','Pune','pune','','1142701899169171','670653375e0e86b0ac42f7b1d47a02f5e81a3b4b',1519974565,'6dce4de9b1b0c0cba39d497b40bb27cd923eb543','1522480165','18.5544365879169','73.7980006603745',0,'2018-03-01 07:09:25','2017-08-29 05:49:59'),(16,'Sachin','Bamgude','namdev.deshmukh@gmail.com','123456','',27,'Male','india','india','London','india','','','963259d2ad518febb6e95a60fa38657dff5c16c7',1501750867,'4b69f3b13aec74dc8b6a43fef4580ea408871bec','1504256467','','',0,'2017-08-02 09:01:07',NULL),(17,'Nishigandha','Doiphode-Bhosale','nsdoiphode@gmail.com','','77a6196b023f7f2194365c7c611f200f.jpeg',0,'Female','','','','','','1367157036725383','d48936d7708d354e6709a8db0a68612549a9e540',1500733485,'c89b3b9473f7a2416e4e7ca3e68b40f37d1d075b','1503239085','','',0,'2017-07-21 14:24:45',NULL),(19,'Nisha','doiphode','nadoiphode@gmail.com','qwerty','ecc69dcfc6ec80787a5f6535b9f5e493.jpeg',0,'','India','UAE  Malaysia','Pune','Dubai Kaula lumpur','','','419fcc03ed42891c7a97c76021040e6960c4bf45',1501839103,'ad5974c92eb1718461fb8b4bef5cf301b5becb2b','1504344703','','',0,'2017-08-03 09:31:43',NULL),(20,'Anjali ','Yadav ','anjaliy904@gmail.com','f7d57adb3fd4906eb3351d923e60c1fc2357113f','bd006c8b37502eb6f8d8e595c77e417e.jpeg',0,'','India','India ','Pune','Pune','','','62c91a172da0b6548b87c120c343ca3463443234',1502271126,'0855371876562a12e1effdb9a2510b1577d1396c','1504776726','','',0,'2017-08-08 09:32:06',NULL),(21,'Anjali','Yadav','testingabc64@gmail.com','anjalianju','87af6c6437927759c49b8c4fbcb4432c.jpeg',0,'','India ','Indian ','Pune ','Pune ','','','edb9e51e8d9b574a35e7925635666c12c239e715',1501849348,'cb3f664a59ede9346817fed5a5e02aa5478e18ed','1504354948','','',0,'2017-08-03 12:22:28',NULL),(22,'Anju','Yadav','yadavanju2507@gmail.com','','da08819511b0f5e19275001c2c60032f.jpeg',0,'Female','India ','India ','India ','Pune ','','246075572570513','36dfbc8e6d11cd49451d2c114745e4f3ae276217',1504185945,'b1edff158bf2ec874cf66a3a7f763a8b2c414e84','1506691545','18.5544738757272','73.7977874933269',0,'2017-08-30 13:25:45','2017-08-22 12:01:50'),(23,'Hemant','Jain','hemant_kunawat@yahoo.com','','551e8a4fadab3a33cac7034e998941bf.jpeg',0,'Male','','','','','','10155479109572145','920edb8451c36698af36d509ab8889cf611999d5',1521101955,'cd872f6b659998751ec36982008f57936dd8731b','1522484646','','',0,'2018-03-14 08:19:15',NULL),(24,'Anjali','Yadav','anjaliyadav2807@gmail.com','5c80da17a514d2d09b06f73a7e7dee5020045074','70a493fe08e441c5fd97ab99e1536871.jpeg',0,'Female','india','India ','pune','','','1427664817341580','98c98b9000baa23f707b02d041be815c619e9fab',1503480458,'0296a7a7ad809b1146b33a45a983b95da4c0d6fb','1505651943','18.5545988695247','73.7976728067251',0,'2017-08-22 09:27:38','2017-08-18 12:54:29'),(25,'anju','Yadav ','anjaliyadav25@gmail.com','anjalianju','28d5f29e631902e7bdee3905347a474d.jpeg',0,'','India','India','Pune','Pune ','','','79727d28e1216049b597b174a46f02a80e27cb48',1502280074,'10647321c9896436f2899a15d6fe4507b667f674','1504785674','','',0,'2017-08-08 12:01:14',NULL),(26,'anju','Yadav','anjaliyadav23@gmail.com','anjalianju','f2ca069104485e4e31db425969d082ca.jpeg',0,'','India ','india','Pune ','Pune ','','','84a4158f4eadd37fa3bbb905f742bf9819250a92',1502282426,'ebe509395e0606ed8fa641c43dae8fbb6aa31ce1','1504788026','','',0,'2017-08-08 12:40:26',NULL),(27,'Anjali','Yadav ','anjaliyadav225@gmail.com','anjalianju','758ce6e5f903a2e34b3ef09ffc7ca13b.jpeg',0,'','India','India ','Pune ','Pune ','','','87793d1c1335d235ab35568089c99c84fdccf646',1502282564,'a52f75c5cbf347fca2136cc478bef1f022367d00','1504788164','','',0,'2017-08-08 12:42:44',NULL),(28,'Ankita ','Yadav ','anjaliy.904@gmail.com','anjalianju','3262391fed5875bfff100b587b978f93.jpeg',0,'','India ','India ','Pune ','Pune ','','','a027e80fab95babc0bc5758f07ee3bd760014b38',1502282826,'079bffc268a8b60db95efa84ec88dd068f5a8522','1504788426','','',0,'2017-08-08 12:47:06',NULL),(29,'Sapna','Sharma','sapna23234@gmail.com','anjalianju','39936e66760f7fbb582c38225d7279d9.jpeg',0,'','India ','India ','Pune ','Pune ','','','f38709b98d1812ef8591f60f4b4239f0a80db0ed',1502282987,'14f87d7bbf184f13972fd8b4b2e1611be160dcf6','1504788587','','',0,'2017-08-08 12:49:47',NULL),(30,'Sapna','Sharma','sapna2324@gmail.com','anjalianju','2040e238d837eccf4e9fb57fb723a401.jpeg',0,'','India ','India ','Pune ','Pune ','','','4a99cd1f27d79ec9bc24636a65e8ac2a7e3bd984',1502283015,'0fb6f39af7285496930bb066742ef987808303f0','1504788615','','',0,'2017-08-08 12:50:15',NULL),(31,'Sapna','Sharma','sapna2@gmail.com','anjalianju','9f8d48ba04f3f14f9b7a6c5aa722a56b.jpeg',0,'','India ','India ','Pune ','Pune ','','','279a738e7efbb44e449c780ba284cc210ae231bf',1502283058,'f3d743fd47db92667375f8d783e6102c4984dc8d','1504788658','','',0,'2017-08-08 12:50:58',NULL),(32,'Monika ','Sharma ','ymonika097@gmail.com','monika26','72333d131a169128ca6420a2de7d65cf.jpeg',0,'','India ','India ','Pune ','Pune ','','','e27b6419851988dc9d1b906d50c5d98bcbf8b613',1502283243,'9436e6042aae14379b8ae2dd8c5a05bf553e03e5','1504788843','','',0,'2017-08-08 12:54:03',NULL),(33,'rajesh','jadhav','nishigandha@rapidera.com','qwerty','ce2b5247f98857c714f66f856798c6ce.jpeg',0,'','india','usa','pune','newyork','','','2b4f084ec2363f7e327bfbb26a9beff88d5e4da7',1502349888,'713ef0dbca58ed26d33518b4148dd19ace86c2c7','1504855488','','',0,'2017-08-09 07:24:48',NULL),(34,'kady','nashikkar','kadambari@rapidera.com','123456','9d8441b81e6bab3c57bc717b5687523d.jpeg',0,'','india','usa','pune','newyork','','','be8cd19bba2898f97c303651034b929bea3adb9d',1502360357,'234acd2a421c7266c2a3b862557276720b90e55a','1504865957','','',0,'2017-08-09 10:19:17',NULL),(35,'nahi','Mrs','nsf@hdjm.com','7c4a8d09ca3762af61e59520943dc26494f8941b','b1d6fa851f2877e62d6ef5bd2d5a1e7d.jpeg',0,'','india','indonesia','pune','indonesia','','','46be450294473a6c1aa3610e74760d33e2cf071e',1502360723,'7428ee0bd1fd52d288d380bc932579ab60e41ae9','1504866323','','',0,'2017-08-09 10:25:23',NULL),(36,'Hdjdj','hdjdjs','dj@fjjd.fofi','7c4a8d09ca3762af61e59520943dc26494f8941b','bf510016a1a41e54ec173f07c9027e1b.jpeg',0,'','India','Jdjd','Jdjd','Jdjd','','','d0eeedddef78b2b4693d9c786d26ceb0e0f0fab9',1502361520,'eb2a74960d26e848265de966a8792d53e0e171a7','1504867120','','',0,'2017-08-09 10:38:40',NULL),(37,'mmmmm','ddddddd','md@gmail.com','7c4a8d09ca3762af61e59520943dc26494f8941b','eab200831590ebdef60f3436e1ab9124.jpeg',0,'','hgggg','ghhhh','ggggg','Gggh','','','d6b94503bf21185e65b006e2b52b46cbd0496de4',1502361841,'a4ee8655a4af1d3235ee0f7899472deb42e3370c','1504867441','','',0,'2017-08-09 10:44:01',NULL),(38,'Anjali','Yadav','anjaliyadav28@gmail.com','f7d57adb3fd4906eb3351d923e60c1fc2357113f','de606d613e8a5e7c2b7362367d2d1889.jpeg',0,'','India ','India ','Pune ','Pune ','','','da10db78a98bf8ffa800136c445ad00d1cb30371',1502513218,'268b53f9e9405279cba0df584b4cccc5d74f9fe9','1505018818','','',0,'2017-08-11 04:46:58',NULL),(39,'Anjali ','Yadav ','anjaliyadav280@gmail.com','f7d57adb3fd4906eb3351d923e60c1fc2357113f','3475f5f5d83f8301615a6a0d112fc65f.jpeg',0,'','India ','India ','Pune ','Pune ','','','7ec6517350b7401943211a1a6499299e93407d51',1502522088,'55c977c00b4c569d8e0fa982a56894a0b7b6627b','1505027688','','',0,'2017-08-11 07:14:48',NULL),(40,'Anjali','yadav','sapn.a23234@gmail.com','f7d57adb3fd4906eb3351d923e60c1fc2357113f','45393283c44882ffb334a3416a0e53a3.jpeg',0,'','USA ','India ','Pune','Pune ','','','40ea9c679100b2e767c4a1d0298474c45f37403d',1502514052,'dd293e7da1f61f210c3732a3d2531c22f67b0ad9','1505019652','18.5546704110982','73.7975995250394',0,'2017-08-11 05:04:52','2017-08-11 05:04:52'),(41,'anjali','yadav','anjaliyadav28.07@gmail.com','f7d57adb3fd4906eb3351d923e60c1fc2357113f','7a0f514e7816fd318d3e5455bf483484.jpeg',0,'','india','india','pune','pune','','','55316ab52b0977d448d00abd169c6472c0d71025',1502524978,'dac1340f99b60dc7cfa93ee29d2a644c21e52789','1505030578','','',0,'2017-08-11 08:02:58',NULL),(42,'dharam','Thakur','dom125dark@gmail.com','','',26,'Male','india','india','London','india','','2460755725705131234','668096f22392c4aa91807ea61425961eb1211eac',1503056992,'440e4dd5bcc0c2ed864be1b34db02aabfd71d5b9','1505562592','','',0,'2017-08-17 11:49:52',NULL),(43,'Anjali ','Yadav ','anjaliyada2807@gmail.com','5c80da17a514d2d09b06f73a7e7dee5020045074','208ed2490a04056876f5dddadf750ba6.jpeg',0,'','India ',' India ','Pune ','Mumbai ','','','83c756a21780b36be5d68c6b0e115329880d19d7',1503121563,'1009ea5fa63f93268368007b6be374a1efd0adcd','1505627163','18.5546685423896','73.7975959735239',0,'2017-08-18 06:34:56','2017-08-18 06:34:56'),(44,'Dean','Oliver','dean@brpq.com.au','11e60b0eaadebaabde4750b9b2de5cd68607b396','59e4199257d98a59f9938037a9e81784.jpeg',0,'','Australia ','Thailand ','Ormeau ','Puket','','','3d5ff3be0db171183148639fd75eb6832c999013',1520378953,'7799ce653b198dda49d5c446e96b715ec835bfc5','1522884553','','',0,'2018-03-05 23:29:13',NULL),(45,'Vishal','Gumber','vishal@appsquare.com.au','','80febd7fd0b10c2b0649eb74f8efa301.jpeg',0,'Male','Australia ','India, New Zealand','sydney','New York','','1421353654607229','f990f9eedba53613c4b5b9a27d08ca03a540643d',1521012256,'2a5779c0b46e4d8af6c7b77c10b8a46c242d2cb2','1522887864','-33.7429575668962','150.944902952901',0,'2018-03-13 07:31:14','2018-03-13 07:31:14'),(46,'Nihal','Rapidera','nihalkhokhari@rapidera.com','','47e5b986256cc071355f9d5511f386a5.jpeg',0,'Male','india','','','','','442922019420988','81cb6e50545b9927e9a06ed070c30a7b9b1d2758',1504159243,'7d54b2b696670a79e834a31ad392ff9a69234f5e','1506664843','18.554656772948','73.7977364951776',0,'2017-08-30 08:46:50','2017-08-30 08:46:50'),(47,'Cameron ','mckinlay ','cam@brpq.com.au','1a9f0c3f78638bf0ac90d18e142c7b492b7dd22e','6ff113c0236615eb8bf6f3e6dda761bf.jpeg',0,'','Australia ','England ','Brisbane ','London','','','6da8a5c6a2184e6e4be73c5939a7ad4648a7edcc',1522582581,'3fbdd659d04f0b6c0e6d77022ef6d881ac1ccdb4','1523260014','','',0,'2018-03-31 11:36:21',NULL),(48,'nishi','doiphode','anujanaik@rapidera.com','19b58543c85b97c5498edfd89c11c3aa8cb5fe51','4d4ef7b110144a51dde866e0f8cbfee2.jpeg',0,'','India','India','pune','pune','','','73713bfd856f0bccb4ab999104d7ab451d130f14',1521722990,'7884971a19166b7e196d14a4824489e1c987fa39','1524228590','','',0,'2018-03-21 12:49:50',NULL);
/*!40000 ALTER TABLE `users` ENABLE KEYS */;
UNLOCK TABLES;
/*!40103 SET TIME_ZONE=@OLD_TIME_ZONE */;

/*!40101 SET SQL_MODE=@OLD_SQL_MODE */;
/*!40014 SET FOREIGN_KEY_CHECKS=@OLD_FOREIGN_KEY_CHECKS */;
/*!40014 SET UNIQUE_CHECKS=@OLD_UNIQUE_CHECKS */;
/*!40101 SET CHARACTER_SET_CLIENT=@OLD_CHARACTER_SET_CLIENT */;
/*!40101 SET CHARACTER_SET_RESULTS=@OLD_CHARACTER_SET_RESULTS */;
/*!40101 SET COLLATION_CONNECTION=@OLD_COLLATION_CONNECTION */;
/*!40111 SET SQL_NOTES=@OLD_SQL_NOTES */;

-- Dump completed on 2018-04-13 15:07:18
